timestamp,sensor,temperatura,vibracion,anomalia
2026-01-15T00:00:00,S1,59.456,0.3189,0
2026-01-15T00:01:00,S1,59.49,0.313,0
2026-01-15T00:02:00,S1,59.82,0.2919,0
2026-01-15T00:03:00,S1,60.212,0.2772,0
2026-01-15T00:04:00,S1,60.186,0.2712,0
2026-01-15T00:05:00,S1,60.082,0.3278,0
2026-01-15T00:06:00,S1,60.023,0.3558,0
2026-01-15T00:07:00,S1,60.815,0.3272,0
2026-01-15T00:08:00,S1,60.606,0.2787,0
2026-01-15T00:09:00,S1,59.891,0.2925,0
2026-01-15T00:10:00,S1,59.718,0.292,0
2026-01-15T00:11:00,S1,60.302,0.369,0
2026-01-15T00:12:00,S1,59.651,0.3213,0
2026-01-15T00:13:00,S1,60.476,0.2718,0
2026-01-15T00:14:00,S1,59.548,0.3598,0
2026-01-15T00:15:00,S1,61.03,0.2781,0
2026-01-15T00:16:00,S1,61.702,0.3079,0
2026-01-15T00:17:00,S1,59.888,0.2934,0
2026-01-15T00:18:00,S1,60.097,0.333,0
2026-01-15T00:19:00,S1,61.401,0.2843,0
2026-01-15T00:20:00,S1,59.644,0.3101,0
2026-01-15T00:21:00,S1,61.192,0.2962,0
2026-01-15T00:22:00,S1,60.184,0.2975,0
2026-01-15T00:23:00,S1,60.754,0.3459,0
2026-01-15T00:24:00,S1,60.663,0.3372,0
2026-01-15T00:25:00,S1,60.743,0.3039,0
2026-01-15T00:26:00,S1,59.992,0.3163,0
2026-01-15T00:27:00,S1,60.483,0.3522,0
2026-01-15T00:28:00,S1,60.727,0.3229,0
2026-01-15T00:29:00,S1,61.461,0.3237,0
2026-01-15T00:30:00,S1,59.904,0.313,0
2026-01-15T00:31:00,S1,60.986,0.2995,0
2026-01-15T00:32:00,S1,60.807,0.2852,0
2026-01-15T00:33:00,S1,61.071,0.3321,0
2026-01-15T00:34:00,S1,60.722,0.2581,0
2026-01-15T00:35:00,S1,60.384,0.3443,0
2026-01-15T00:36:00,S1,60.514,0.3403,0
2026-01-15T00:37:00,S1,60.293,0.3136,0
2026-01-15T00:38:00,S1,60.068,0.3087,0
2026-01-15T00:39:00,S1,60.726,0.2738,0
2026-01-15T00:40:00,S1,61.215,0.3206,0
2026-01-15T00:41:00,S1,60.562,0.3138,0
2026-01-15T00:42:00,S1,60.92,0.2786,0
2026-01-15T00:43:00,S1,60.258,0.2827,0
2026-01-15T00:44:00,S1,60.939,0.3381,0
2026-01-15T00:45:00,S1,60.669,0.265,0
2026-01-15T00:46:00,S1,60.607,0.2227,0
2026-01-15T00:47:00,S1,60.551,0.3656,0
2026-01-15T00:48:00,S1,60.756,0.2531,0
2026-01-15T00:49:00,S1,60.915,0.3058,0
2026-01-15T00:50:00,S1,60.594,0.3448,0
2026-01-15T00:51:00,S1,60.885,0.3145,0
2026-01-15T00:52:00,S1,61.115,0.2618,0
2026-01-15T00:53:00,S1,61.367,0.2699,0
2026-01-15T00:54:00,S1,60.987,0.2604,0
2026-01-15T00:55:00,S1,60.912,0.2867,0
2026-01-15T00:56:00,S1,61.056,0.2829,0
2026-01-15T00:57:00,S1,62.196,0.3518,0
2026-01-15T00:58:00,S1,61.303,0.322,0
2026-01-15T00:59:00,S1,61.796,0.2493,0
2026-01-15T01:00:00,S1,60.71,0.2646,0
2026-01-15T01:01:00,S1,60.815,0.2791,0
2026-01-15T01:02:00,S1,60.359,0.2277,0
2026-01-15T01:03:00,S1,61.574,0.3165,0
2026-01-15T01:04:00,S1,61.324,0.2335,0
2026-01-15T01:05:00,S1,60.966,0.3215,0
2026-01-15T01:06:00,S1,62.229,0.2761,0
2026-01-15T01:07:00,S1,61.262,0.3576,0
2026-01-15T01:08:00,S1,61.725,0.3284,0
2026-01-15T01:09:00,S1,60.669,0.3041,0
2026-01-15T01:10:00,S1,61.795,0.3165,0
2026-01-15T01:11:00,S1,61.635,0.3096,0
2026-01-15T01:12:00,S1,61.428,0.2814,0
2026-01-15T01:13:00,S1,60.88,0.3467,0
2026-01-15T01:14:00,S1,61.19,0.2644,0
2026-01-15T01:15:00,S1,61.724,0.2659,0
2026-01-15T01:16:00,S1,61.601,0.2813,0
2026-01-15T01:17:00,S1,61.948,0.2944,0
2026-01-15T01:18:00,S1,61.232,0.2971,0
2026-01-15T01:19:00,S1,61.79,0.3019,0
2026-01-15T01:20:00,S1,61.64,0.3243,0
2026-01-15T01:21:00,S1,61.431,0.2977,0
2026-01-15T01:22:00,S1,62.39,0.2852,0
2026-01-15T01:23:00,S1,63.098,0.2726,0
2026-01-15T01:24:00,S1,61.547,0.2334,0
2026-01-15T01:25:00,S1,61.375,0.3029,0
2026-01-15T01:26:00,S1,62.215,0.2939,0
2026-01-15T01:27:00,S1,62.982,0.3223,0
2026-01-15T01:28:00,S1,61.957,0.3117,0
2026-01-15T01:29:00,S1,61.964,0.2536,0
2026-01-15T01:30:00,S1,62.346,0.338,0
2026-01-15T01:31:00,S1,62.433,0.2425,0
2026-01-15T01:32:00,S1,61.831,0.3044,0
2026-01-15T01:33:00,S1,61.787,0.295,0
2026-01-15T01:34:00,S1,62.058,0.3577,0
2026-01-15T01:35:00,S1,61.533,0.3561,0
2026-01-15T01:36:00,S1,62.865,0.3146,0
2026-01-15T01:37:00,S1,61.704,0.3145,0
2026-01-15T01:38:00,S1,62.271,0.34,0
2026-01-15T01:39:00,S1,61.49,0.3431,0
2026-01-15T01:40:00,S1,62.276,0.3122,0
2026-01-15T01:41:00,S1,61.821,0.3165,0
2026-01-15T01:42:00,S1,60.964,0.2696,0
2026-01-15T01:43:00,S1,62.112,0.295,0
2026-01-15T01:44:00,S1,61.696,0.3239,0
2026-01-15T01:45:00,S1,62.148,0.2492,0
2026-01-15T01:46:00,S1,62.708,0.3365,0
2026-01-15T01:47:00,S1,62.812,0.2946,0
2026-01-15T01:48:00,S1,61.839,0.3169,0
2026-01-15T01:49:00,S1,62.856,0.2928,0
2026-01-15T01:50:00,S1,62.838,0.3039,0
2026-01-15T01:51:00,S1,62.983,0.3029,0
2026-01-15T01:52:00,S1,61.597,0.2602,0
2026-01-15T01:53:00,S1,62.189,0.2674,0
2026-01-15T01:54:00,S1,62.188,0.2839,0
2026-01-15T01:55:00,S1,62.458,0.2638,0
2026-01-15T01:56:00,S1,62.717,0.296,0
2026-01-15T01:57:00,S1,61.522,0.343,0
2026-01-15T01:58:00,S1,62.624,0.2648,0
2026-01-15T01:59:00,S1,61.459,0.346,0
2026-01-15T02:00:00,S1,62.362,0.3287,0
2026-01-15T02:01:00,S1,62.147,0.2675,0
2026-01-15T02:02:00,S1,63.261,0.2434,0
2026-01-15T02:03:00,S1,62.149,0.2792,0
2026-01-15T02:04:00,S1,63.184,0.2669,0
2026-01-15T02:05:00,S1,62.524,0.2897,0
2026-01-15T02:06:00,S1,62.646,0.324,0
2026-01-15T02:07:00,S1,62.147,0.33,0
2026-01-15T02:08:00,S1,62.893,0.2572,0
2026-01-15T02:09:00,S1,62.847,0.3331,0
2026-01-15T02:10:00,S1,62.301,0.3123,0
2026-01-15T02:11:00,S1,63.616,0.3492,0
2026-01-15T02:12:00,S1,61.933,0.3361,0
2026-01-15T02:13:00,S1,62.718,0.2679,0
2026-01-15T02:14:00,S1,62.859,0.3,0
2026-01-15T02:15:00,S1,63.591,0.2974,0
2026-01-15T02:16:00,S1,62.872,0.266,0
2026-01-15T02:17:00,S1,63.56,0.2812,0
2026-01-15T02:18:00,S1,63.172,0.2991,0
2026-01-15T02:19:00,S1,62.513,0.2831,0
2026-01-15T02:20:00,S1,62.118,0.2797,0
2026-01-15T02:21:00,S1,62.62,0.3412,0
2026-01-15T02:22:00,S1,63.054,0.3235,0
2026-01-15T02:23:00,S1,63.609,0.2382,0
2026-01-15T02:24:00,S1,63.066,0.3003,0
2026-01-15T02:25:00,S1,63.677,0.2978,0
2026-01-15T02:26:00,S1,62.432,0.3763,0
2026-01-15T02:27:00,S1,63.157,0.3219,0
2026-01-15T02:28:00,S1,62.482,0.3237,0
2026-01-15T02:29:00,S1,62.391,0.2914,0
2026-01-15T02:30:00,S1,62.754,0.304,0
2026-01-15T02:31:00,S1,62.413,0.24,0
2026-01-15T02:32:00,S1,63.093,0.2797,0
2026-01-15T02:33:00,S1,62.77,0.2844,0
2026-01-15T02:34:00,S1,62.861,0.3099,0
2026-01-15T02:35:00,S1,63.082,0.3201,0
2026-01-15T02:36:00,S1,64.171,0.2583,0
2026-01-15T02:37:00,S1,63.605,0.2703,0
2026-01-15T02:38:00,S1,63.662,0.2715,0
2026-01-15T02:39:00,S1,62.321,0.2448,0
2026-01-15T02:40:00,S1,62.687,0.316,0
2026-01-15T02:41:00,S1,64.422,0.2946,0
2026-01-15T02:42:00,S1,62.445,0.3065,0
2026-01-15T02:43:00,S1,63.706,0.2958,0
2026-01-15T02:44:00,S1,63.52,0.3158,0
2026-01-15T02:45:00,S1,63.254,0.2827,0
2026-01-15T02:46:00,S1,62.557,0.3077,0
2026-01-15T02:47:00,S1,63.322,0.3057,0
2026-01-15T02:48:00,S1,63.021,0.3148,0
2026-01-15T02:49:00,S1,63.876,0.2755,0
2026-01-15T02:50:00,S1,63.53,0.2817,0
2026-01-15T02:51:00,S1,63.177,0.3057,0
2026-01-15T02:52:00,S1,63.771,0.3014,0
2026-01-15T02:53:00,S1,63.486,0.307,0
2026-01-15T02:54:00,S1,63.512,0.2907,0
2026-01-15T02:55:00,S1,63.436,0.3453,0
2026-01-15T02:56:00,S1,63.785,0.281,0
2026-01-15T02:57:00,S1,64.057,0.2597,0
2026-01-15T02:58:00,S1,62.46,0.271,0
2026-01-15T02:59:00,S1,63.813,0.3337,0
2026-01-15T03:00:00,S1,62.539,0.3467,0
2026-01-15T03:01:00,S1,64.1,0.3404,0
2026-01-15T03:02:00,S1,62.874,0.2965,0
2026-01-15T03:03:00,S1,62.923,0.2722,0
2026-01-15T03:04:00,S1,63.157,0.2648,0
2026-01-15T03:05:00,S1,63.44,0.2601,0
2026-01-15T03:06:00,S1,63.257,0.3247,0
2026-01-15T03:07:00,S1,63.621,0.3352,0
2026-01-15T03:08:00,S1,63.707,0.2688,0
2026-01-15T03:09:00,S1,63.05,0.3062,0
2026-01-15T03:10:00,S1,63.477,0.2822,0
2026-01-15T03:11:00,S1,64.004,0.2539,0
2026-01-15T03:12:00,S1,63.529,0.3172,0
2026-01-15T03:13:00,S1,64.09,0.2988,0
2026-01-15T03:14:00,S1,63.133,0.2063,0
2026-01-15T03:15:00,S1,63.493,0.2847,0
2026-01-15T03:16:00,S1,63.155,0.2525,0
2026-01-15T03:17:00,S1,63.251,0.3108,0
2026-01-15T03:18:00,S1,64.325,0.3427,0
2026-01-15T03:19:00,S1,63.735,0.3077,0
2026-01-15T03:20:00,S1,63.922,0.2813,0
2026-01-15T03:21:00,S1,64.772,0.3398,0
2026-01-15T03:22:00,S1,64.33,0.2765,0
2026-01-15T03:23:00,S1,63.521,0.2254,0
2026-01-15T03:24:00,S1,64.348,0.3127,0
2026-01-15T03:25:00,S1,63.827,0.3215,0
2026-01-15T03:26:00,S1,64.779,0.352,0
2026-01-15T03:27:00,S1,63.413,0.2911,0
2026-01-15T03:28:00,S1,63.48,0.284,0
2026-01-15T03:29:00,S1,64.406,0.3335,0
2026-01-15T03:30:00,S1,64.106,0.2982,0
2026-01-15T03:31:00,S1,63.712,0.3197,0
2026-01-15T03:32:00,S1,63.036,0.289,0
2026-01-15T03:33:00,S1,63.052,0.2715,0
2026-01-15T03:34:00,S1,63.522,0.3621,0
2026-01-15T03:35:00,S1,64.76,0.2955,0
2026-01-15T03:36:00,S1,63.641,0.3285,0
2026-01-15T03:37:00,S1,64.098,0.3533,0
2026-01-15T03:38:00,S1,63.197,0.3275,0
2026-01-15T03:39:00,S1,63.421,0.2967,0
2026-01-15T03:40:00,S1,63.409,0.3019,0
2026-01-15T03:41:00,S1,63.824,0.3324,0
2026-01-15T03:42:00,S1,63.958,0.2672,0
2026-01-15T03:43:00,S1,63.882,0.2652,0
2026-01-15T03:44:00,S1,64.386,0.2901,0
2026-01-15T03:45:00,S1,65.195,0.3194,0
2026-01-15T03:46:00,S1,63.679,0.365,0
2026-01-15T03:47:00,S1,64.392,0.275,0
2026-01-15T03:48:00,S1,64.158,0.3313,0
2026-01-15T03:49:00,S1,64.565,0.2776,0
2026-01-15T03:50:00,S1,64.614,0.2727,0
2026-01-15T03:51:00,S1,64.257,0.318,0
2026-01-15T03:52:00,S1,63.812,0.3123,0
2026-01-15T03:53:00,S1,64.565,0.3596,0
2026-01-15T03:54:00,S1,64.63,0.2557,0
2026-01-15T03:55:00,S1,64.442,0.3422,0
2026-01-15T03:56:00,S1,64.843,0.3215,0
2026-01-15T03:57:00,S1,64.647,0.2877,0
2026-01-15T03:58:00,S1,63.89,0.3072,0
2026-01-15T03:59:00,S1,64.037,0.2874,0
2026-01-15T04:00:00,S1,64.41,0.329,0
2026-01-15T04:01:00,S1,63.647,0.2818,0
2026-01-15T04:02:00,S1,63.974,0.2864,0
2026-01-15T04:03:00,S1,63.845,0.2531,0
2026-01-15T04:04:00,S1,64.209,0.2919,0
2026-01-15T04:05:00,S1,64.611,0.3192,0
2026-01-15T04:06:00,S1,64.276,0.2852,0
2026-01-15T04:07:00,S1,64.549,0.3384,0
2026-01-15T04:08:00,S1,65.136,0.3104,0
2026-01-15T04:09:00,S1,64.079,0.3649,0
2026-01-15T04:10:00,S1,63.6,0.3343,0
2026-01-15T04:11:00,S1,63.292,0.3062,0
2026-01-15T04:12:00,S1,64.325,0.2904,0
2026-01-15T04:13:00,S1,64.599,0.2861,0
2026-01-15T04:14:00,S1,64.857,0.3387,0
2026-01-15T04:15:00,S1,64.937,0.282,0
2026-01-15T04:16:00,S1,64.733,0.2922,0
2026-01-15T04:17:00,S1,64.727,0.3284,0
2026-01-15T04:18:00,S1,64.424,0.3256,0
2026-01-15T04:19:00,S1,64.82,0.3245,0
2026-01-15T04:20:00,S1,63.358,0.3332,0
2026-01-15T04:21:00,S1,64.992,0.3397,0
2026-01-15T04:22:00,S1,64.485,0.3227,0
2026-01-15T04:23:00,S1,64.633,0.3357,0
2026-01-15T04:24:00,S1,65.135,0.2645,0
2026-01-15T04:25:00,S1,65.257,0.2897,0
2026-01-15T04:26:00,S1,64.787,0.2467,0
2026-01-15T04:27:00,S1,64.684,0.2908,0
2026-01-15T04:28:00,S1,65.724,0.3073,0
2026-01-15T04:29:00,S1,64.917,0.2767,0
2026-01-15T04:30:00,S1,64.798,0.3108,0
2026-01-15T04:31:00,S1,64.668,0.2878,0
2026-01-15T04:32:00,S1,64.007,0.2738,0
2026-01-15T04:33:00,S1,63.847,0.3215,0
2026-01-15T04:34:00,S1,63.937,0.2965,0
2026-01-15T04:35:00,S1,64.705,0.2625,0
2026-01-15T04:36:00,S1,64.966,0.3022,0
2026-01-15T04:37:00,S1,64.958,0.321,0
2026-01-15T04:38:00,S1,64.888,0.3117,0
2026-01-15T04:39:00,S1,64.988,0.2515,0
2026-01-15T04:40:00,S1,64.255,0.2627,0
2026-01-15T04:41:00,S1,63.708,0.3124,0
2026-01-15T04:42:00,S1,64.906,0.3179,0
2026-01-15T04:43:00,S1,64.78,0.3363,0
2026-01-15T04:44:00,S1,64.618,0.3631,0
2026-01-15T04:45:00,S1,64.485,0.2976,0
2026-01-15T04:46:00,S1,64.454,0.3415,0
2026-01-15T04:47:00,S1,64.395,0.3108,0
2026-01-15T04:48:00,S1,63.939,0.2945,0
2026-01-15T04:49:00,S1,63.828,0.3172,0
2026-01-15T04:50:00,S1,64.389,0.3082,0
2026-01-15T04:51:00,S1,64.434,0.2809,0
2026-01-15T04:52:00,S1,64.97,0.3075,0
2026-01-15T04:53:00,S1,64.308,0.312,0
2026-01-15T04:54:00,S1,64.58,0.3324,0
2026-01-15T04:55:00,S1,65.114,0.2393,0
2026-01-15T04:56:00,S1,64.876,0.2873,0
2026-01-15T04:57:00,S1,65.172,0.3276,0
2026-01-15T04:58:00,S1,64.257,0.3331,0
2026-01-15T04:59:00,S1,65.214,0.2754,0
2026-01-15T05:00:00,S1,65.115,0.2963,0
2026-01-15T05:01:00,S1,64.069,0.3245,0
2026-01-15T05:02:00,S1,65.048,0.2685,0
2026-01-15T05:03:00,S1,65.964,0.3299,0
2026-01-15T05:04:00,S1,64.587,0.2957,0
2026-01-15T05:05:00,S1,64.42,0.2724,0
2026-01-15T05:06:00,S1,65.53,0.3064,0
2026-01-15T05:07:00,S1,64.902,0.3352,0
2026-01-15T05:08:00,S1,65.29,0.3321,0
2026-01-15T05:09:00,S1,64.673,0.2558,0
2026-01-15T05:10:00,S1,64.728,0.2532,0
2026-01-15T05:11:00,S1,65.331,0.2624,0
2026-01-15T05:12:00,S1,64.751,0.2858,0
2026-01-15T05:13:00,S1,65.339,0.2865,0
2026-01-15T05:14:00,S1,65.043,0.3288,0
2026-01-15T05:15:00,S1,65.142,0.3176,0
2026-01-15T05:16:00,S1,65.844,0.2475,0
2026-01-15T05:17:00,S1,65.486,0.3524,0
2026-01-15T05:18:00,S1,64.184,0.2983,0
2026-01-15T05:19:00,S1,64.164,0.3169,0
2026-01-15T05:20:00,S1,65.217,0.3177,0
2026-01-15T05:21:00,S1,64.421,0.3051,0
2026-01-15T05:22:00,S1,65.42,0.3102,0
2026-01-15T05:23:00,S1,64.847,0.285,0
2026-01-15T05:24:00,S1,64.624,0.3068,0
2026-01-15T05:25:00,S1,64.973,0.2789,0
2026-01-15T05:26:00,S1,65.715,0.3099,0
2026-01-15T05:27:00,S1,63.685,0.2486,0
2026-01-15T05:28:00,S1,64.241,0.2938,0
2026-01-15T05:29:00,S1,64.586,0.2615,0
2026-01-15T05:30:00,S1,65.377,0.2993,0
2026-01-15T05:31:00,S1,64.938,0.3233,0
2026-01-15T05:32:00,S1,65.267,0.252,0
2026-01-15T05:33:00,S1,64.91,0.2908,0
2026-01-15T05:34:00,S1,65.494,0.2755,0
2026-01-15T05:35:00,S1,64.597,0.2951,0
2026-01-15T05:36:00,S1,64.438,0.3124,0
2026-01-15T05:37:00,S1,64.983,0.2914,0
2026-01-15T05:38:00,S1,63.656,0.3071,0
2026-01-15T05:39:00,S1,64.736,0.3364,0
2026-01-15T05:40:00,S1,66.342,0.2551,0
2026-01-15T05:41:00,S1,64.552,0.3654,0
2026-01-15T05:42:00,S1,64.98,0.2767,0
2026-01-15T05:43:00,S1,64.989,0.2947,0
2026-01-15T05:44:00,S1,64.982,0.313,0
2026-01-15T05:45:00,S1,65.198,0.3388,0
2026-01-15T05:46:00,S1,65.144,0.3292,0
2026-01-15T05:47:00,S1,65.7,0.2845,0
2026-01-15T05:48:00,S1,65.37,0.3411,0
2026-01-15T05:49:00,S1,64.929,0.3501,0
2026-01-15T05:50:00,S1,65.131,0.3393,0
2026-01-15T05:51:00,S1,65.074,0.2561,0
2026-01-15T05:52:00,S1,64.423,0.2574,0
2026-01-15T05:53:00,S1,65.006,0.333,0
2026-01-15T05:54:00,S1,64.081,0.3132,0
2026-01-15T05:55:00,S1,64.576,0.2944,0
2026-01-15T05:56:00,S1,64.568,0.3341,0
2026-01-15T05:57:00,S1,64.575,0.2668,0
2026-01-15T05:58:00,S1,64.942,0.3304,0
2026-01-15T05:59:00,S1,64.838,0.3263,0
2026-01-15T06:00:00,S1,64.932,0.3016,0
2026-01-15T06:01:00,S1,65.911,0.3435,0
2026-01-15T06:02:00,S1,65.251,0.3854,0
2026-01-15T06:03:00,S1,64.745,0.3177,0
2026-01-15T06:04:00,S1,64.88,0.3329,0
2026-01-15T06:05:00,S1,64.645,0.3084,0
2026-01-15T06:06:00,S1,64.483,0.3184,0
2026-01-15T06:07:00,S1,65.342,0.3369,0
2026-01-15T06:08:00,S1,64.899,0.2841,0
2026-01-15T06:09:00,S1,65.246,0.3115,0
2026-01-15T06:10:00,S1,64.86,0.2869,0
2026-01-15T06:11:00,S1,65.071,0.3267,0
2026-01-15T06:12:00,S1,64.555,0.2917,0
2026-01-15T06:13:00,S1,65.077,0.2502,0
2026-01-15T06:14:00,S1,64.596,0.2973,0
2026-01-15T06:15:00,S1,65.741,0.307,0
2026-01-15T06:16:00,S1,64.873,0.3291,0
2026-01-15T06:17:00,S1,65.419,0.3493,0
2026-01-15T06:18:00,S1,64.504,0.2846,0
2026-01-15T06:19:00,S1,64.907,0.2764,0
2026-01-15T06:20:00,S1,64.98,0.237,0
2026-01-15T06:21:00,S1,65.263,0.3041,0
2026-01-15T06:22:00,S1,64.372,0.295,0
2026-01-15T06:23:00,S1,65.319,0.2955,0
2026-01-15T06:24:00,S1,65.565,0.3122,0
2026-01-15T06:25:00,S1,65.095,0.2526,0
2026-01-15T06:26:00,S1,64.687,0.2992,0
2026-01-15T06:27:00,S1,65.286,0.3201,0
2026-01-15T06:28:00,S1,64.702,0.3207,0
2026-01-15T06:29:00,S1,64.875,0.2877,0
2026-01-15T06:30:00,S1,63.881,0.2939,0
2026-01-15T06:31:00,S1,65.007,0.2388,0
2026-01-15T06:32:00,S1,65.639,0.2951,0
2026-01-15T06:33:00,S1,64.855,0.3275,0
2026-01-15T06:34:00,S1,65.303,0.3099,0
2026-01-15T06:35:00,S1,64.058,0.3099,0
2026-01-15T06:36:00,S1,65.417,0.2755,0
2026-01-15T06:37:00,S1,64.821,0.3307,0
2026-01-15T06:38:00,S1,64.919,0.2491,0
2026-01-15T06:39:00,S1,65.14,0.3003,0
2026-01-15T06:40:00,S1,65.087,0.2909,0
2026-01-15T06:41:00,S1,64.556,0.3093,0
2026-01-15T06:42:00,S1,64.145,0.3216,0
2026-01-15T06:43:00,S1,64.648,0.3051,0
2026-01-15T06:44:00,S1,64.687,0.2686,0
2026-01-15T06:45:00,S1,64.677,0.3496,0
2026-01-15T06:46:00,S1,64.303,0.3619,0
2026-01-15T06:47:00,S1,64.987,0.3327,0
2026-01-15T06:48:00,S1,65.067,0.3383,0
2026-01-15T06:49:00,S1,64.584,0.2564,0
2026-01-15T06:50:00,S1,65.143,0.3122,0
2026-01-15T06:51:00,S1,64.952,0.279,0
2026-01-15T06:52:00,S1,64.925,0.303,0
2026-01-15T06:53:00,S1,64.765,0.3122,0
2026-01-15T06:54:00,S1,64.602,0.3011,0
2026-01-15T06:55:00,S1,64.213,0.3492,0
2026-01-15T06:56:00,S1,65.13,0.3226,0
2026-01-15T06:57:00,S1,64.305,0.3215,0
2026-01-15T06:58:00,S1,65.28,0.3211,0
2026-01-15T06:59:00,S1,64.32,0.3189,0
2026-01-15T07:00:00,S1,65.033,0.3314,0
2026-01-15T07:01:00,S1,64.679,0.2727,0
2026-01-15T07:02:00,S1,64.58,0.2843,0
2026-01-15T07:03:00,S1,64.596,0.3388,0
2026-01-15T07:04:00,S1,65.398,0.2844,0
2026-01-15T07:05:00,S1,64.822,0.2631,0
2026-01-15T07:06:00,S1,64.749,0.3366,0
2026-01-15T07:07:00,S1,64.956,0.309,0
2026-01-15T07:08:00,S1,64.791,0.3281,0
2026-01-15T07:09:00,S1,64.718,0.3229,0
2026-01-15T07:10:00,S1,64.394,0.277,0
2026-01-15T07:11:00,S1,64.879,0.3408,0
2026-01-15T07:12:00,S1,65.453,0.2868,0
2026-01-15T07:13:00,S1,63.852,0.2493,0
2026-01-15T07:14:00,S1,64.556,0.3017,0
2026-01-15T07:15:00,S1,64.425,0.2534,0
2026-01-15T07:16:00,S1,64.56,0.3077,0
2026-01-15T07:17:00,S1,64.012,0.2644,0
2026-01-15T07:18:00,S1,64.753,0.3194,0
2026-01-15T07:19:00,S1,63.305,0.3158,0
2026-01-15T07:20:00,S1,65.223,0.3706,0
2026-01-15T07:21:00,S1,64.408,0.2716,0
2026-01-15T07:22:00,S1,64.671,0.3594,0
2026-01-15T07:23:00,S1,65.255,0.3248,0
2026-01-15T07:24:00,S1,64.172,0.3476,0
2026-01-15T07:25:00,S1,64.944,0.3089,0
2026-01-15T07:26:00,S1,64.662,0.3406,0
2026-01-15T07:27:00,S1,65.074,0.3202,0
2026-01-15T07:28:00,S1,64.458,0.2958,0
2026-01-15T07:29:00,S1,64.52,0.2988,0
2026-01-15T07:30:00,S1,63.938,0.3045,0
2026-01-15T07:31:00,S1,63.967,0.3019,0
2026-01-15T07:32:00,S1,64.753,0.2633,0
2026-01-15T07:33:00,S1,64.857,0.2989,0
2026-01-15T07:34:00,S1,64.6,0.2484,0
2026-01-15T07:35:00,S1,65.225,0.2922,0
2026-01-15T07:36:00,S1,64.814,0.2825,0
2026-01-15T07:37:00,S1,65.103,0.3027,0
2026-01-15T07:38:00,S1,64.762,0.29,0
2026-01-15T07:39:00,S1,64.448,0.2854,0
2026-01-15T07:40:00,S1,64.753,0.2589,0
2026-01-15T07:41:00,S1,64.631,0.2999,0
2026-01-15T07:42:00,S1,63.363,0.2851,0
2026-01-15T07:43:00,S1,64.197,0.3356,0
2026-01-15T07:44:00,S1,64.237,0.3092,0
2026-01-15T07:45:00,S1,64.745,0.2693,0
2026-01-15T07:46:00,S1,64.815,0.2574,0
2026-01-15T07:47:00,S1,64.701,0.3486,0
2026-01-15T07:48:00,S1,64.933,0.3486,0
2026-01-15T07:49:00,S1,64.498,0.2611,0
2026-01-15T07:50:00,S1,63.84,0.3208,0
2026-01-15T07:51:00,S1,64.303,0.2788,0
2026-01-15T07:52:00,S1,63.888,0.3177,0
2026-01-15T07:53:00,S1,64.007,0.2483,0
2026-01-15T07:54:00,S1,64.26,0.2414,0
2026-01-15T07:55:00,S1,64.211,0.2931,0
2026-01-15T07:56:00,S1,64.582,0.3414,0
2026-01-15T07:57:00,S1,63.571,0.2945,0
2026-01-15T07:58:00,S1,64.643,0.2717,0
2026-01-15T07:59:00,S1,64.307,0.361,0
2026-01-15T08:00:00,S1,64.264,0.2793,0
2026-01-15T08:01:00,S1,64.067,0.2866,0
2026-01-15T08:02:00,S1,63.831,0.2927,0
2026-01-15T08:03:00,S1,65.024,0.3597,0
2026-01-15T08:04:00,S1,64.55,0.2569,0
2026-01-15T08:05:00,S1,64.938,0.305,0
2026-01-15T08:06:00,S1,64.331,0.3039,0
2026-01-15T08:07:00,S1,63.538,0.3196,0
2026-01-15T08:08:00,S1,64.748,0.2471,0
2026-01-15T08:09:00,S1,63.236,0.3205,0
2026-01-15T08:10:00,S1,64.297,0.3138,0
2026-01-15T08:11:00,S1,64.407,0.326,0
2026-01-15T08:12:00,S1,64.108,0.3183,0
2026-01-15T08:13:00,S1,64.708,0.2691,0
2026-01-15T08:14:00,S1,64.624,0.3078,0
2026-01-15T08:15:00,S1,64.43,0.2383,0
2026-01-15T08:16:00,S1,64.716,0.2813,0
2026-01-15T08:17:00,S1,64.131,0.3061,0
2026-01-15T08:18:00,S1,63.269,0.2903,0
2026-01-15T08:19:00,S1,64.836,0.3497,0
2026-01-15T08:20:00,S1,64.46,0.2917,0
2026-01-15T08:21:00,S1,63.24,0.3152,0
2026-01-15T08:22:00,S1,64.849,0.3142,0
2026-01-15T08:23:00,S1,64.694,0.3273,0
2026-01-15T08:24:00,S1,64.274,0.2963,0
2026-01-15T08:25:00,S1,63.623,0.3157,0
2026-01-15T08:26:00,S1,64.212,0.2734,0
2026-01-15T08:27:00,S1,64.78,0.2992,0
2026-01-15T08:28:00,S1,64.566,0.283,0
2026-01-15T08:29:00,S1,64.588,0.2992,0
2026-01-15T08:30:00,S1,63.498,0.292,0
2026-01-15T08:31:00,S1,63.964,0.2471,0
2026-01-15T08:32:00,S1,64.26,0.3383,0
2026-01-15T08:33:00,S1,63.646,0.3181,0
2026-01-15T08:34:00,S1,64.062,0.2977,0
2026-01-15T08:35:00,S1,64.788,0.2786,0
2026-01-15T08:36:00,S1,63.887,0.3026,0
2026-01-15T08:37:00,S1,63.971,0.302,0
2026-01-15T08:38:00,S1,63.899,0.3276,0
2026-01-15T08:39:00,S1,64.889,0.2828,0
2026-01-15T08:40:00,S1,64.31,0.2728,0
2026-01-15T08:41:00,S1,65.317,0.3195,0
2026-01-15T08:42:00,S1,63.622,0.2607,0
2026-01-15T08:43:00,S1,64.625,0.2942,0
2026-01-15T08:44:00,S1,63.306,0.2746,0
2026-01-15T08:45:00,S1,63.93,0.3242,0
2026-01-15T08:46:00,S1,63.95,0.29,0
2026-01-15T08:47:00,S1,63.368,0.3102,0
2026-01-15T08:48:00,S1,63.185,0.2364,0
2026-01-15T08:49:00,S1,63.922,0.2744,0
2026-01-15T08:50:00,S1,63.24,0.3309,0
2026-01-15T08:51:00,S1,63.997,0.2858,0
2026-01-15T08:52:00,S1,63.526,0.2934,0
2026-01-15T08:53:00,S1,64.68,0.3034,0
2026-01-15T08:54:00,S1,63.892,0.3003,0
2026-01-15T08:55:00,S1,63.02,0.2519,0
2026-01-15T08:56:00,S1,63.753,0.2931,0
2026-01-15T08:57:00,S1,62.852,0.2562,0
2026-01-15T08:58:00,S1,63.189,0.2528,0
2026-01-15T08:59:00,S1,63.127,0.2809,0
2026-01-15T09:00:00,S1,62.878,0.276,0
2026-01-15T09:01:00,S1,63.96,0.3015,0
2026-01-15T09:02:00,S1,64.113,0.2702,0
2026-01-15T09:03:00,S1,63.787,0.3402,0
2026-01-15T09:04:00,S1,64.29,0.2935,0
2026-01-15T09:05:00,S1,63.431,0.2836,0
2026-01-15T09:06:00,S1,63.864,0.2689,0
2026-01-15T09:07:00,S1,62.856,0.2504,0
2026-01-15T09:08:00,S1,63.768,0.3123,0
2026-01-15T09:09:00,S1,63.125,0.2807,0
2026-01-15T09:10:00,S1,63.337,0.3215,0
2026-01-15T09:11:00,S1,62.74,0.3297,0
2026-01-15T09:12:00,S1,62.994,0.3094,0
2026-01-15T09:13:00,S1,62.929,0.266,0
2026-01-15T09:14:00,S1,63.083,0.3293,0
2026-01-15T09:15:00,S1,63.891,0.2927,0
2026-01-15T09:16:00,S1,63.056,0.2726,0
2026-01-15T09:17:00,S1,63.257,0.3381,0
2026-01-15T09:18:00,S1,62.88,0.306,0
2026-01-15T09:19:00,S1,62.498,0.3814,0
2026-01-15T09:20:00,S1,63.035,0.2636,0
2026-01-15T09:21:00,S1,63.841,0.2782,0
2026-01-15T09:22:00,S1,62.626,0.3048,0
2026-01-15T09:23:00,S1,62.773,0.2844,0
2026-01-15T09:24:00,S1,63.109,0.2892,0
2026-01-15T09:25:00,S1,63.691,0.3225,0
2026-01-15T09:26:00,S1,63.412,0.2946,0
2026-01-15T09:27:00,S1,62.922,0.3013,0
2026-01-15T09:28:00,S1,62.879,0.2822,0
2026-01-15T09:29:00,S1,63.473,0.3066,0
2026-01-15T09:30:00,S1,63.034,0.2919,0
2026-01-15T09:31:00,S1,62.754,0.3655,0
2026-01-15T09:32:00,S1,63.365,0.3071,0
2026-01-15T09:33:00,S1,62.039,0.2551,0
2026-01-15T09:34:00,S1,63.197,0.2996,0
2026-01-15T09:35:00,S1,62.958,0.2868,0
2026-01-15T09:36:00,S1,62.623,0.3271,0
2026-01-15T09:37:00,S1,61.933,0.3023,0
2026-01-15T09:38:00,S1,62.809,0.3189,0
2026-01-15T09:39:00,S1,63.335,0.2918,0
2026-01-15T09:40:00,S1,61.958,0.2983,0
2026-01-15T09:41:00,S1,62.753,0.3358,0
2026-01-15T09:42:00,S1,62.593,0.2684,0
2026-01-15T09:43:00,S1,63.989,0.2788,0
2026-01-15T09:44:00,S1,63.262,0.2744,0
2026-01-15T09:45:00,S1,62.522,0.2861,0
2026-01-15T09:46:00,S1,62.228,0.2806,0
2026-01-15T09:47:00,S1,63.556,0.3105,0
2026-01-15T09:48:00,S1,62.378,0.3337,0
2026-01-15T09:49:00,S1,62.018,0.2803,0
2026-01-15T09:50:00,S1,61.938,0.2979,0
2026-01-15T09:51:00,S1,61.949,0.3005,0
2026-01-15T09:52:00,S1,62.23,0.2955,0
2026-01-15T09:53:00,S1,62.76,0.2996,0
2026-01-15T09:54:00,S1,61.873,0.2921,0
2026-01-15T09:55:00,S1,62.165,0.3399,0
2026-01-15T09:56:00,S1,62.37,0.2826,0
2026-01-15T09:57:00,S1,62.518,0.2709,0
2026-01-15T09:58:00,S1,62.825,0.3042,0
2026-01-15T09:59:00,S1,62.207,0.2791,0
2026-01-15T10:00:00,S1,75.151,0.7819,1
2026-01-15T10:01:00,S1,74.79,0.8162,1
2026-01-15T10:02:00,S1,74.254,0.7536,1
2026-01-15T10:03:00,S1,73.785,0.8528,1
2026-01-15T10:04:00,S1,74.573,0.7421,1
2026-01-15T10:05:00,S1,75.357,0.8311,1
2026-01-15T10:06:00,S1,73.834,0.8313,1
2026-01-15T10:07:00,S1,74.418,0.7695,1
2026-01-15T10:08:00,S1,73.812,0.7935,1
2026-01-15T10:09:00,S1,74.383,0.8186,1
2026-01-15T10:10:00,S1,74.557,0.8271,1
2026-01-15T10:11:00,S1,74.21,0.8317,1
2026-01-15T10:12:00,S1,74.526,0.7667,1
2026-01-15T10:13:00,S1,74.349,0.8118,1
2026-01-15T10:14:00,S1,74.441,0.8687,1
2026-01-15T10:15:00,S1,61.976,0.2953,0
2026-01-15T10:16:00,S1,62.391,0.322,0
2026-01-15T10:17:00,S1,62.884,0.3236,0
2026-01-15T10:18:00,S1,62.677,0.3153,0
2026-01-15T10:19:00,S1,61.92,0.292,0
2026-01-15T10:20:00,S1,62.39,0.2774,0
2026-01-15T10:21:00,S1,61.578,0.262,0
2026-01-15T10:22:00,S1,62.404,0.2937,0
2026-01-15T10:23:00,S1,62.735,0.2526,0
2026-01-15T10:24:00,S1,61.229,0.2926,0
2026-01-15T10:25:00,S1,62.555,0.3409,0
2026-01-15T10:26:00,S1,61.69,0.2779,0
2026-01-15T10:27:00,S1,62.014,0.2922,0
2026-01-15T10:28:00,S1,61.899,0.3195,0
2026-01-15T10:29:00,S1,61.675,0.2614,0
2026-01-15T10:30:00,S1,62.128,0.3577,0
2026-01-15T10:31:00,S1,61.824,0.2825,0
2026-01-15T10:32:00,S1,61.98,0.301,0
2026-01-15T10:33:00,S1,61.552,0.3416,0
2026-01-15T10:34:00,S1,61.049,0.2478,0
2026-01-15T10:35:00,S1,61.207,0.3045,0
2026-01-15T10:36:00,S1,61.219,0.3287,0
2026-01-15T10:37:00,S1,61.716,0.2595,0
2026-01-15T10:38:00,S1,61.975,0.302,0
2026-01-15T10:39:00,S1,61.993,0.3319,0
2026-01-15T10:40:00,S1,62.327,0.2756,0
2026-01-15T10:41:00,S1,62.084,0.2931,0
2026-01-15T10:42:00,S1,61.386,0.2669,0
2026-01-15T10:43:00,S1,61.41,0.2484,0
2026-01-15T10:44:00,S1,60.948,0.3088,0
2026-01-15T10:45:00,S1,61.444,0.3302,0
2026-01-15T10:46:00,S1,61.543,0.3503,0
2026-01-15T10:47:00,S1,61.647,0.2947,0
2026-01-15T10:48:00,S1,62.415,0.3246,0
2026-01-15T10:49:00,S1,61.495,0.3388,0
2026-01-15T10:50:00,S1,61.024,0.2837,0
2026-01-15T10:51:00,S1,60.852,0.2664,0
2026-01-15T10:52:00,S1,61.742,0.2882,0
2026-01-15T10:53:00,S1,61.689,0.2748,0
2026-01-15T10:54:00,S1,61.455,0.2472,0
2026-01-15T10:55:00,S1,61.895,0.2834,0
2026-01-15T10:56:00,S1,61.589,0.2763,0
2026-01-15T10:57:00,S1,62.434,0.2692,0
2026-01-15T10:58:00,S1,61.057,0.3204,0
2026-01-15T10:59:00,S1,62.264,0.2911,0
2026-01-15T11:00:00,S1,61.439,0.3081,0
2026-01-15T11:01:00,S1,61.458,0.2567,0
2026-01-15T11:02:00,S1,61.146,0.3055,0
2026-01-15T11:03:00,S1,61.799,0.2391,0
2026-01-15T11:04:00,S1,61.171,0.2893,0
2026-01-15T11:05:00,S1,62.302,0.2954,0
2026-01-15T11:06:00,S1,61.455,0.2896,0
2026-01-15T11:07:00,S1,61.329,0.306,0
2026-01-15T11:08:00,S1,61.566,0.2863,0
2026-01-15T11:09:00,S1,60.506,0.3083,0
2026-01-15T11:10:00,S1,60.348,0.3252,0
2026-01-15T11:11:00,S1,60.189,0.2981,0
2026-01-15T11:12:00,S1,60.572,0.2831,0
2026-01-15T11:13:00,S1,61.704,0.3346,0
2026-01-15T11:14:00,S1,60.483,0.2865,0
2026-01-15T11:15:00,S1,60.733,0.3098,0
2026-01-15T11:16:00,S1,61.683,0.2864,0
2026-01-15T11:17:00,S1,60.464,0.3064,0
2026-01-15T11:18:00,S1,60.719,0.2891,0
2026-01-15T11:19:00,S1,60.967,0.266,0
2026-01-15T11:20:00,S1,60.498,0.3503,0
2026-01-15T11:21:00,S1,60.294,0.2704,0
2026-01-15T11:22:00,S1,60.572,0.2782,0
2026-01-15T11:23:00,S1,60.713,0.3094,0
2026-01-15T11:24:00,S1,61.032,0.2872,0
2026-01-15T11:25:00,S1,60.61,0.2735,0
2026-01-15T11:26:00,S1,60.773,0.3137,0
2026-01-15T11:27:00,S1,60.686,0.3517,0
2026-01-15T11:28:00,S1,60.189,0.2833,0
2026-01-15T11:29:00,S1,60.917,0.2875,0
2026-01-15T11:30:00,S1,60.767,0.2823,0
2026-01-15T11:31:00,S1,60.327,0.3018,0
2026-01-15T11:32:00,S1,61.376,0.3115,0
2026-01-15T11:33:00,S1,60.298,0.3131,0
2026-01-15T11:34:00,S1,60.245,0.2845,0
2026-01-15T11:35:00,S1,60.038,0.2386,0
2026-01-15T11:36:00,S1,60.646,0.3374,0
2026-01-15T11:37:00,S1,59.43,0.2792,0
2026-01-15T11:38:00,S1,60.079,0.268,0
2026-01-15T11:39:00,S1,60.072,0.288,0
2026-01-15T11:40:00,S1,59.72,0.2729,0
2026-01-15T11:41:00,S1,60.459,0.2809,0
2026-01-15T11:42:00,S1,60.313,0.2872,0
2026-01-15T11:43:00,S1,61.029,0.3517,0
2026-01-15T11:44:00,S1,59.874,0.2671,0
2026-01-15T11:45:00,S1,59.674,0.2588,0
2026-01-15T11:46:00,S1,60.954,0.2952,0
2026-01-15T11:47:00,S1,59.86,0.2629,0
2026-01-15T11:48:00,S1,60.351,0.2815,0
2026-01-15T11:49:00,S1,59.496,0.3034,0
2026-01-15T11:50:00,S1,60.598,0.3684,0
2026-01-15T11:51:00,S1,59.975,0.332,0
2026-01-15T11:52:00,S1,59.497,0.2906,0
2026-01-15T11:53:00,S1,60.561,0.2878,0
2026-01-15T11:54:00,S1,60.188,0.325,0
2026-01-15T11:55:00,S1,60.111,0.3031,0
2026-01-15T11:56:00,S1,60.5,0.2684,0
2026-01-15T11:57:00,S1,60.595,0.2753,0
2026-01-15T11:58:00,S1,59.535,0.2551,0
2026-01-15T11:59:00,S1,60.289,0.2249,0
2026-01-15T12:00:00,S1,59.748,0.2955,0
2026-01-15T12:01:00,S1,60.207,0.3011,0
2026-01-15T12:02:00,S1,60.615,0.2747,0
2026-01-15T12:03:00,S1,60.384,0.266,0
2026-01-15T12:04:00,S1,60.02,0.3246,0
2026-01-15T12:05:00,S1,59.943,0.3112,0
2026-01-15T12:06:00,S1,60.09,0.3191,0
2026-01-15T12:07:00,S1,60.649,0.269,0
2026-01-15T12:08:00,S1,59.846,0.3379,0
2026-01-15T12:09:00,S1,59.804,0.28,0
2026-01-15T12:10:00,S1,59.925,0.3083,0
2026-01-15T12:11:00,S1,59.343,0.3501,0
2026-01-15T12:12:00,S1,60.192,0.3096,0
2026-01-15T12:13:00,S1,59.801,0.3131,0
2026-01-15T12:14:00,S1,59.657,0.3202,0
2026-01-15T12:15:00,S1,59.573,0.2485,0
2026-01-15T12:16:00,S1,59.243,0.3237,0
2026-01-15T12:17:00,S1,59.553,0.3333,0
2026-01-15T12:18:00,S1,59.451,0.2564,0
2026-01-15T12:19:00,S1,59.697,0.2593,0
2026-01-15T12:20:00,S1,59.674,0.2727,0
2026-01-15T12:21:00,S1,59.404,0.301,0
2026-01-15T12:22:00,S1,59.866,0.3035,0
2026-01-15T12:23:00,S1,59.705,0.2867,0
2026-01-15T12:24:00,S1,60.615,0.3341,0
2026-01-15T12:25:00,S1,59.195,0.2818,0
2026-01-15T12:26:00,S1,59.497,0.2962,0
2026-01-15T12:27:00,S1,59.611,0.2628,0
2026-01-15T12:28:00,S1,59.687,0.3189,0
2026-01-15T12:29:00,S1,59.968,0.2358,0
2026-01-15T12:30:00,S1,59.03,0.3035,0
2026-01-15T12:31:00,S1,59.693,0.3207,0
2026-01-15T12:32:00,S1,59.517,0.2553,0
2026-01-15T12:33:00,S1,59.551,0.2126,0
2026-01-15T12:34:00,S1,58.706,0.3099,0
2026-01-15T12:35:00,S1,59.252,0.2766,0
2026-01-15T12:36:00,S1,58.797,0.2837,0
2026-01-15T12:37:00,S1,59.035,0.291,0
2026-01-15T12:38:00,S1,59.204,0.2899,0
2026-01-15T12:39:00,S1,59.157,0.3188,0
2026-01-15T12:40:00,S1,59.837,0.3243,0
2026-01-15T12:41:00,S1,58.878,0.3059,0
2026-01-15T12:42:00,S1,59.195,0.2593,0
2026-01-15T12:43:00,S1,58.938,0.2581,0
2026-01-15T12:44:00,S1,59.318,0.2976,0
2026-01-15T12:45:00,S1,57.953,0.3079,0
2026-01-15T12:46:00,S1,59.69,0.2714,0
2026-01-15T12:47:00,S1,58.889,0.372,0
2026-01-15T12:48:00,S1,59.172,0.2949,0
2026-01-15T12:49:00,S1,58.778,0.2664,0
2026-01-15T12:50:00,S1,58.937,0.2848,0
2026-01-15T12:51:00,S1,59.246,0.2785,0
2026-01-15T12:52:00,S1,58.418,0.3221,0
2026-01-15T12:53:00,S1,58.189,0.3165,0
2026-01-15T12:54:00,S1,58.623,0.292,0
2026-01-15T12:55:00,S1,59.332,0.2809,0
2026-01-15T12:56:00,S1,58.781,0.3269,0
2026-01-15T12:57:00,S1,59.598,0.3179,0
2026-01-15T12:58:00,S1,57.992,0.2985,0
2026-01-15T12:59:00,S1,59.077,0.2653,0
2026-01-15T13:00:00,S1,58.844,0.3108,0
2026-01-15T13:01:00,S1,58.95,0.2495,0
2026-01-15T13:02:00,S1,57.858,0.2713,0
2026-01-15T13:03:00,S1,58.134,0.3229,0
2026-01-15T13:04:00,S1,58.377,0.3191,0
2026-01-15T13:05:00,S1,59.308,0.3438,0
2026-01-15T13:06:00,S1,58.158,0.2925,0
2026-01-15T13:07:00,S1,58.164,0.33,0
2026-01-15T13:08:00,S1,59.457,0.2637,0
2026-01-15T13:09:00,S1,59.2,0.2724,0
2026-01-15T13:10:00,S1,58.893,0.2688,0
2026-01-15T13:11:00,S1,58.66,0.2845,0
2026-01-15T13:12:00,S1,57.756,0.3169,0
2026-01-15T13:13:00,S1,58.703,0.3036,0
2026-01-15T13:14:00,S1,57.56,0.2884,0
2026-01-15T13:15:00,S1,58.026,0.3586,0
2026-01-15T13:16:00,S1,57.506,0.2882,0
2026-01-15T13:17:00,S1,58.796,0.2563,0
2026-01-15T13:18:00,S1,59.093,0.3048,0
2026-01-15T13:19:00,S1,58.793,0.2647,0
2026-01-15T13:20:00,S1,57.828,0.2722,0
2026-01-15T13:21:00,S1,58.219,0.2983,0
2026-01-15T13:22:00,S1,58.318,0.2947,0
2026-01-15T13:23:00,S1,57.201,0.3323,0
2026-01-15T13:24:00,S1,57.871,0.2996,0
2026-01-15T13:25:00,S1,58.88,0.298,0
2026-01-15T13:26:00,S1,57.35,0.2681,0
2026-01-15T13:27:00,S1,58.271,0.3205,0
2026-01-15T13:28:00,S1,57.612,0.2913,0
2026-01-15T13:29:00,S1,58.157,0.2703,0
2026-01-15T13:30:00,S1,57.497,0.3121,0
2026-01-15T13:31:00,S1,57.718,0.2887,0
2026-01-15T13:32:00,S1,57.786,0.2867,0
2026-01-15T13:33:00,S1,57.824,0.2815,0
2026-01-15T13:34:00,S1,57.999,0.3049,0
2026-01-15T13:35:00,S1,57.854,0.2982,0
2026-01-15T13:36:00,S1,58.078,0.2953,0
2026-01-15T13:37:00,S1,57.375,0.2974,0
2026-01-15T13:38:00,S1,57.357,0.2846,0
2026-01-15T13:39:00,S1,57.44,0.2755,0
2026-01-15T13:40:00,S1,58.033,0.248,0
2026-01-15T13:41:00,S1,57.63,0.3168,0
2026-01-15T13:42:00,S1,56.606,0.3434,0
2026-01-15T13:43:00,S1,57.858,0.2877,0
2026-01-15T13:44:00,S1,58.199,0.249,0
2026-01-15T13:45:00,S1,57.936,0.3293,0
2026-01-15T13:46:00,S1,57.785,0.2984,0
2026-01-15T13:47:00,S1,58.418,0.3108,0
2026-01-15T13:48:00,S1,57.659,0.2782,0
2026-01-15T13:49:00,S1,57.667,0.3365,0
2026-01-15T13:50:00,S1,57.705,0.3689,0
2026-01-15T13:51:00,S1,58.737,0.2819,0
2026-01-15T13:52:00,S1,57.783,0.31,0
2026-01-15T13:53:00,S1,58.487,0.301,0
2026-01-15T13:54:00,S1,57.687,0.3308,0
2026-01-15T13:55:00,S1,57.184,0.301,0
2026-01-15T13:56:00,S1,57.044,0.3206,0
2026-01-15T13:57:00,S1,58.031,0.2933,0
2026-01-15T13:58:00,S1,57.857,0.3165,0
2026-01-15T13:59:00,S1,57.201,0.3451,0
2026-01-15T14:00:00,S1,57.575,0.3372,0
2026-01-15T14:01:00,S1,57.296,0.2807,0
2026-01-15T14:02:00,S1,58.02,0.315,0
2026-01-15T14:03:00,S1,57.224,0.2607,0
2026-01-15T14:04:00,S1,57.949,0.3148,0
2026-01-15T14:05:00,S1,57.385,0.2996,0
2026-01-15T14:06:00,S1,57.161,0.321,0
2026-01-15T14:07:00,S1,56.969,0.2804,0
2026-01-15T14:08:00,S1,56.901,0.2614,0
2026-01-15T14:09:00,S1,57.676,0.3037,0
2026-01-15T14:10:00,S1,57.472,0.292,0
2026-01-15T14:11:00,S1,57.284,0.3067,0
2026-01-15T14:12:00,S1,57.204,0.2561,0
2026-01-15T14:13:00,S1,57.373,0.2884,0
2026-01-15T14:14:00,S1,57.548,0.3735,0
2026-01-15T14:15:00,S1,58.078,0.2817,0
2026-01-15T14:16:00,S1,57.233,0.304,0
2026-01-15T14:17:00,S1,57.136,0.3224,0
2026-01-15T14:18:00,S1,57.401,0.3029,0
2026-01-15T14:19:00,S1,56.833,0.2985,0
2026-01-15T14:20:00,S1,57.342,0.3087,0
2026-01-15T14:21:00,S1,57.054,0.3016,0
2026-01-15T14:22:00,S1,57.092,0.3541,0
2026-01-15T14:23:00,S1,57.366,0.3075,0
2026-01-15T14:24:00,S1,56.905,0.3035,0
2026-01-15T14:25:00,S1,56.809,0.3287,0
2026-01-15T14:26:00,S1,57.243,0.2774,0
2026-01-15T14:27:00,S1,56.343,0.3013,0
2026-01-15T14:28:00,S1,56.924,0.2778,0
2026-01-15T14:29:00,S1,57.152,0.2694,0
2026-01-15T14:30:00,S1,56.861,0.2825,0
2026-01-15T14:31:00,S1,56.501,0.2473,0
2026-01-15T14:32:00,S1,57.346,0.2834,0
2026-01-15T14:33:00,S1,56.876,0.3307,0
2026-01-15T14:34:00,S1,57.442,0.2849,0
2026-01-15T14:35:00,S1,56.799,0.2942,0
2026-01-15T14:36:00,S1,57.044,0.2979,0
2026-01-15T14:37:00,S1,57.164,0.3299,0
2026-01-15T14:38:00,S1,56.28,0.284,0
2026-01-15T14:39:00,S1,57.03,0.3026,0
2026-01-15T14:40:00,S1,57.158,0.2892,0
2026-01-15T14:41:00,S1,56.412,0.3576,0
2026-01-15T14:42:00,S1,57.455,0.3264,0
2026-01-15T14:43:00,S1,57.63,0.3041,0
2026-01-15T14:44:00,S1,56.46,0.268,0
2026-01-15T14:45:00,S1,56.644,0.2899,0
2026-01-15T14:46:00,S1,56.056,0.231,0
2026-01-15T14:47:00,S1,56.844,0.262,0
2026-01-15T14:48:00,S1,56.541,0.3403,0
2026-01-15T14:49:00,S1,56.292,0.3152,0
2026-01-15T14:50:00,S1,56.716,0.2389,0
2026-01-15T14:51:00,S1,56.735,0.28,0
2026-01-15T14:52:00,S1,56.311,0.2988,0
2026-01-15T14:53:00,S1,56.011,0.2707,0
2026-01-15T14:54:00,S1,57.316,0.3587,0
2026-01-15T14:55:00,S1,56.614,0.288,0
2026-01-15T14:56:00,S1,56.392,0.3285,0
2026-01-15T14:57:00,S1,56.446,0.2969,0
2026-01-15T14:58:00,S1,56.668,0.2943,0
2026-01-15T14:59:00,S1,57.32,0.3041,0
2026-01-15T15:00:00,S1,56.863,0.2875,0
2026-01-15T15:01:00,S1,55.228,0.2908,0
2026-01-15T15:02:00,S1,55.971,0.2898,0
2026-01-15T15:03:00,S1,55.886,0.2901,0
2026-01-15T15:04:00,S1,56.774,0.2886,0
2026-01-15T15:05:00,S1,55.845,0.2493,0
2026-01-15T15:06:00,S1,55.693,0.2855,0
2026-01-15T15:07:00,S1,56.195,0.2892,0
2026-01-15T15:08:00,S1,57.731,0.3335,0
2026-01-15T15:09:00,S1,56.439,0.3271,0
2026-01-15T15:10:00,S1,56.287,0.2779,0
2026-01-15T15:11:00,S1,55.803,0.3177,0
2026-01-15T15:12:00,S1,55.836,0.2709,0
2026-01-15T15:13:00,S1,56.419,0.321,0
2026-01-15T15:14:00,S1,56.026,0.3169,0
2026-01-15T15:15:00,S1,55.263,0.2778,0
2026-01-15T15:16:00,S1,55.32,0.3248,0
2026-01-15T15:17:00,S1,56.542,0.2446,0
2026-01-15T15:18:00,S1,56.186,0.2736,0
2026-01-15T15:19:00,S1,56.384,0.3317,0
2026-01-15T15:20:00,S1,56.511,0.3003,0
2026-01-15T15:21:00,S1,56.211,0.336,0
2026-01-15T15:22:00,S1,56.62,0.2727,0
2026-01-15T15:23:00,S1,56.997,0.33,0
2026-01-15T15:24:00,S1,55.601,0.2985,0
2026-01-15T15:25:00,S1,56.013,0.2541,0
2026-01-15T15:26:00,S1,55.396,0.2887,0
2026-01-15T15:27:00,S1,55.812,0.3105,0
2026-01-15T15:28:00,S1,56.322,0.3393,0
2026-01-15T15:29:00,S1,56.698,0.3302,0
2026-01-15T15:30:00,S1,55.879,0.2574,0
2026-01-15T15:31:00,S1,56.099,0.3135,0
2026-01-15T15:32:00,S1,56.413,0.2753,0
2026-01-15T15:33:00,S1,56.758,0.358,0
2026-01-15T15:34:00,S1,56.505,0.3186,0
2026-01-15T15:35:00,S1,55.543,0.3547,0
2026-01-15T15:36:00,S1,56.871,0.3286,0
2026-01-15T15:37:00,S1,55.862,0.3131,0
2026-01-15T15:38:00,S1,56.308,0.3151,0
2026-01-15T15:39:00,S1,56.032,0.2932,0
2026-01-15T15:40:00,S1,55.738,0.2471,0
2026-01-15T15:41:00,S1,55.755,0.3369,0
2026-01-15T15:42:00,S1,55.736,0.2684,0
2026-01-15T15:43:00,S1,55.72,0.2851,0
2026-01-15T15:44:00,S1,55.484,0.3304,0
2026-01-15T15:45:00,S1,55.353,0.2951,0
2026-01-15T15:46:00,S1,55.737,0.2618,0
2026-01-15T15:47:00,S1,56.288,0.2961,0
2026-01-15T15:48:00,S1,56.563,0.3589,0
2026-01-15T15:49:00,S1,55.973,0.2764,0
2026-01-15T15:50:00,S1,56.151,0.3159,0
2026-01-15T15:51:00,S1,56.15,0.262,0
2026-01-15T15:52:00,S1,56.48,0.306,0
2026-01-15T15:53:00,S1,55.812,0.3923,0
2026-01-15T15:54:00,S1,56.212,0.2602,0
2026-01-15T15:55:00,S1,55.577,0.2698,0
2026-01-15T15:56:00,S1,56.308,0.32,0
2026-01-15T15:57:00,S1,55.701,0.3516,0
2026-01-15T15:58:00,S1,54.828,0.2634,0
2026-01-15T15:59:00,S1,55.81,0.2685,0
2026-01-15T16:00:00,S1,55.023,0.3072,0
2026-01-15T16:01:00,S1,55.856,0.2355,0
2026-01-15T16:02:00,S1,55.678,0.2992,0
2026-01-15T16:03:00,S1,56.327,0.3333,0
2026-01-15T16:04:00,S1,55.745,0.3325,0
2026-01-15T16:05:00,S1,55.596,0.2616,0
2026-01-15T16:06:00,S1,55.709,0.2603,0
2026-01-15T16:07:00,S1,55.303,0.2943,0
2026-01-15T16:08:00,S1,54.774,0.3061,0
2026-01-15T16:09:00,S1,55.486,0.2878,0
2026-01-15T16:10:00,S1,56.361,0.2962,0
2026-01-15T16:11:00,S1,54.754,0.2894,0
2026-01-15T16:12:00,S1,54.881,0.3307,0
2026-01-15T16:13:00,S1,55.215,0.3146,0
2026-01-15T16:14:00,S1,54.756,0.279,0
2026-01-15T16:15:00,S1,55.411,0.3361,0
2026-01-15T16:16:00,S1,55.367,0.2943,0
2026-01-15T16:17:00,S1,55.756,0.3316,0
2026-01-15T16:18:00,S1,55.401,0.3397,0
2026-01-15T16:19:00,S1,55.813,0.3201,0
2026-01-15T16:20:00,S1,55.46,0.2957,0
2026-01-15T16:21:00,S1,55.655,0.252,0
2026-01-15T16:22:00,S1,55.375,0.2826,0
2026-01-15T16:23:00,S1,55.791,0.2434,0
2026-01-15T16:24:00,S1,55.273,0.264,0
2026-01-15T16:25:00,S1,55.679,0.3049,0
2026-01-15T16:26:00,S1,55.814,0.3243,0
2026-01-15T16:27:00,S1,54.894,0.2741,0
2026-01-15T16:28:00,S1,55.393,0.3289,0
2026-01-15T16:29:00,S1,54.904,0.2916,0
2026-01-15T16:30:00,S1,54.824,0.309,0
2026-01-15T16:31:00,S1,55.655,0.2924,0
2026-01-15T16:32:00,S1,55.032,0.2601,0
2026-01-15T16:33:00,S1,56.41,0.3431,0
2026-01-15T16:34:00,S1,54.963,0.3085,0
2026-01-15T16:35:00,S1,56.37,0.3383,0
2026-01-15T16:36:00,S1,56.065,0.3423,0
2026-01-15T16:37:00,S1,55.576,0.3219,0
2026-01-15T16:38:00,S1,54.374,0.3068,0
2026-01-15T16:39:00,S1,55.263,0.3371,0
2026-01-15T16:40:00,S1,55.49,0.3095,0
2026-01-15T16:41:00,S1,54.37,0.2483,0
2026-01-15T16:42:00,S1,54.44,0.2958,0
2026-01-15T16:43:00,S1,55.687,0.32,0
2026-01-15T16:44:00,S1,56.467,0.3459,0
2026-01-15T16:45:00,S1,55.053,0.2751,0
2026-01-15T16:46:00,S1,55.906,0.3567,0
2026-01-15T16:47:00,S1,54.997,0.3319,0
2026-01-15T16:48:00,S1,55.535,0.2762,0
2026-01-15T16:49:00,S1,55.92,0.2762,0
2026-01-15T16:50:00,S1,55.491,0.3374,0
2026-01-15T16:51:00,S1,55.003,0.3033,0
2026-01-15T16:52:00,S1,54.008,0.3198,0
2026-01-15T16:53:00,S1,55.669,0.3005,0
2026-01-15T16:54:00,S1,55.453,0.323,0
2026-01-15T16:55:00,S1,55.337,0.3156,0
2026-01-15T16:56:00,S1,54.77,0.2938,0
2026-01-15T16:57:00,S1,55.447,0.3049,0
2026-01-15T16:58:00,S1,55.662,0.3337,0
2026-01-15T16:59:00,S1,55.247,0.3505,0
2026-01-15T17:00:00,S1,55.713,0.3248,0
2026-01-15T17:01:00,S1,55.414,0.3525,0
2026-01-15T17:02:00,S1,54.646,0.2881,0
2026-01-15T17:03:00,S1,55.256,0.2713,0
2026-01-15T17:04:00,S1,54.805,0.3398,0
2026-01-15T17:05:00,S1,55.916,0.3115,0
2026-01-15T17:06:00,S1,54.603,0.2883,0
2026-01-15T17:07:00,S1,55.045,0.3105,0
2026-01-15T17:08:00,S1,54.988,0.3221,0
2026-01-15T17:09:00,S1,54.494,0.3139,0
2026-01-15T17:10:00,S1,55.793,0.3204,0
2026-01-15T17:11:00,S1,55.39,0.2846,0
2026-01-15T17:12:00,S1,55.116,0.249,0
2026-01-15T17:13:00,S1,55.217,0.3095,0
2026-01-15T17:14:00,S1,54.815,0.2688,0
2026-01-15T17:15:00,S1,55.295,0.3213,0
2026-01-15T17:16:00,S1,54.935,0.3192,0
2026-01-15T17:17:00,S1,54.594,0.2966,0
2026-01-15T17:18:00,S1,55.779,0.299,0
2026-01-15T17:19:00,S1,55.477,0.3379,0
2026-01-15T17:20:00,S1,56.007,0.2473,0
2026-01-15T17:21:00,S1,55.921,0.3402,0
2026-01-15T17:22:00,S1,54.233,0.3172,0
2026-01-15T17:23:00,S1,55.313,0.3107,0
2026-01-15T17:24:00,S1,55.119,0.2794,0
2026-01-15T17:25:00,S1,54.142,0.2502,0
2026-01-15T17:26:00,S1,55.462,0.2684,0
2026-01-15T17:27:00,S1,55.168,0.2886,0
2026-01-15T17:28:00,S1,54.449,0.2726,0
2026-01-15T17:29:00,S1,55.579,0.2861,0
2026-01-15T17:30:00,S1,54.893,0.3053,0
2026-01-15T17:31:00,S1,55.139,0.3259,0
2026-01-15T17:32:00,S1,55.246,0.3296,0
2026-01-15T17:33:00,S1,54.934,0.3123,0
2026-01-15T17:34:00,S1,55.364,0.3213,0
2026-01-15T17:35:00,S1,55.168,0.3262,0
2026-01-15T17:36:00,S1,54.978,0.2762,0
2026-01-15T17:37:00,S1,55.0,0.2704,0
2026-01-15T17:38:00,S1,55.247,0.3468,0
2026-01-15T17:39:00,S1,55.393,0.3057,0
2026-01-15T17:40:00,S1,55.859,0.222,0
2026-01-15T17:41:00,S1,54.256,0.2766,0
2026-01-15T17:42:00,S1,54.977,0.3044,0
2026-01-15T17:43:00,S1,54.822,0.2545,0
2026-01-15T17:44:00,S1,55.181,0.259,0
2026-01-15T17:45:00,S1,54.861,0.2818,0
2026-01-15T17:46:00,S1,54.959,0.2663,0
2026-01-15T17:47:00,S1,55.149,0.2782,0
2026-01-15T17:48:00,S1,55.298,0.2968,0
2026-01-15T17:49:00,S1,54.217,0.3205,0
2026-01-15T17:50:00,S1,54.84,0.2952,0
2026-01-15T17:51:00,S1,55.205,0.2878,0
2026-01-15T17:52:00,S1,54.647,0.2955,0
2026-01-15T17:53:00,S1,55.271,0.2947,0
2026-01-15T17:54:00,S1,55.545,0.371,0
2026-01-15T17:55:00,S1,54.626,0.267,0
2026-01-15T17:56:00,S1,54.471,0.3104,0
2026-01-15T17:57:00,S1,53.752,0.2296,0
2026-01-15T17:58:00,S1,54.63,0.2678,0
2026-01-15T17:59:00,S1,54.927,0.3107,0
2026-01-15T18:00:00,S1,55.713,0.2928,0
2026-01-15T18:01:00,S1,54.959,0.3154,0
2026-01-15T18:02:00,S1,55.363,0.3011,0
2026-01-15T18:03:00,S1,54.946,0.2872,0
2026-01-15T18:04:00,S1,55.287,0.2849,0
2026-01-15T18:05:00,S1,54.974,0.3442,0
2026-01-15T18:06:00,S1,55.588,0.306,0
2026-01-15T18:07:00,S1,55.393,0.3151,0
2026-01-15T18:08:00,S1,55.317,0.3019,0
2026-01-15T18:09:00,S1,54.732,0.3343,0
2026-01-15T18:10:00,S1,54.676,0.3031,0
2026-01-15T18:11:00,S1,55.48,0.2486,0
2026-01-15T18:12:00,S1,54.612,0.3322,0
2026-01-15T18:13:00,S1,54.706,0.259,0
2026-01-15T18:14:00,S1,54.779,0.3273,0
2026-01-15T18:15:00,S1,55.814,0.3117,0
2026-01-15T18:16:00,S1,54.811,0.2538,0
2026-01-15T18:17:00,S1,54.416,0.2264,0
2026-01-15T18:18:00,S1,56.002,0.3059,0
2026-01-15T18:19:00,S1,55.224,0.3223,0
2026-01-15T18:20:00,S1,66.177,0.8031,1
2026-01-15T18:21:00,S1,66.973,0.8382,1
2026-01-15T18:22:00,S1,66.978,0.7761,1
2026-01-15T18:23:00,S1,66.734,0.8087,1
2026-01-15T18:24:00,S1,67.108,0.8096,1
2026-01-15T18:25:00,S1,54.899,0.3165,0
2026-01-15T18:26:00,S1,55.539,0.2272,0
2026-01-15T18:27:00,S1,55.071,0.2818,0
2026-01-15T18:28:00,S1,55.151,0.2634,0
2026-01-15T18:29:00,S1,55.148,0.2991,0
2026-01-15T18:30:00,S1,54.941,0.332,0
2026-01-15T18:31:00,S1,55.365,0.2318,0
2026-01-15T18:32:00,S1,55.181,0.329,0
2026-01-15T18:33:00,S1,54.871,0.371,0
2026-01-15T18:34:00,S1,54.93,0.2538,0
2026-01-15T18:35:00,S1,54.978,0.3148,0
2026-01-15T18:36:00,S1,54.997,0.2683,0
2026-01-15T18:37:00,S1,54.908,0.2748,0
2026-01-15T18:38:00,S1,55.402,0.2833,0
2026-01-15T18:39:00,S1,55.574,0.3233,0
2026-01-15T18:40:00,S1,54.959,0.3157,0
2026-01-15T18:41:00,S1,55.095,0.2577,0
2026-01-15T18:42:00,S1,54.604,0.3006,0
2026-01-15T18:43:00,S1,54.097,0.3024,0
2026-01-15T18:44:00,S1,55.274,0.2986,0
2026-01-15T18:45:00,S1,55.52,0.2991,0
2026-01-15T18:46:00,S1,55.621,0.321,0
2026-01-15T18:47:00,S1,55.326,0.2744,0
2026-01-15T18:48:00,S1,55.212,0.3622,0
2026-01-15T18:49:00,S1,54.733,0.288,0
2026-01-15T18:50:00,S1,54.893,0.3249,0
2026-01-15T18:51:00,S1,55.676,0.291,0
2026-01-15T18:52:00,S1,54.894,0.2592,0
2026-01-15T18:53:00,S1,53.95,0.3031,0
2026-01-15T18:54:00,S1,55.093,0.3484,0
2026-01-15T18:55:00,S1,55.768,0.2541,0
2026-01-15T18:56:00,S1,55.025,0.2812,0
2026-01-15T18:57:00,S1,55.379,0.2952,0
2026-01-15T18:58:00,S1,54.761,0.3485,0
2026-01-15T18:59:00,S1,54.871,0.3332,0
2026-01-15T19:00:00,S1,55.379,0.293,0
2026-01-15T19:01:00,S1,54.596,0.3239,0
2026-01-15T19:02:00,S1,55.626,0.3088,0
2026-01-15T19:03:00,S1,55.258,0.3105,0
2026-01-15T19:04:00,S1,54.316,0.3055,0
2026-01-15T19:05:00,S1,54.404,0.3452,0
2026-01-15T19:06:00,S1,54.66,0.2696,0
2026-01-15T19:07:00,S1,55.016,0.2985,0
2026-01-15T19:08:00,S1,54.734,0.281,0
2026-01-15T19:09:00,S1,54.528,0.3429,0
2026-01-15T19:10:00,S1,54.472,0.3129,0
2026-01-15T19:11:00,S1,55.161,0.2664,0
2026-01-15T19:12:00,S1,56.028,0.2855,0
2026-01-15T19:13:00,S1,55.498,0.2569,0
2026-01-15T19:14:00,S1,55.592,0.2662,0
2026-01-15T19:15:00,S1,55.469,0.2601,0
2026-01-15T19:16:00,S1,54.341,0.2322,0
2026-01-15T19:17:00,S1,55.213,0.225,0
2026-01-15T19:18:00,S1,54.782,0.2923,0
2026-01-15T19:19:00,S1,55.497,0.3033,0
2026-01-15T19:20:00,S1,54.745,0.234,0
2026-01-15T19:21:00,S1,55.278,0.2671,0
2026-01-15T19:22:00,S1,55.754,0.335,0
2026-01-15T19:23:00,S1,55.278,0.304,0
2026-01-15T19:24:00,S1,55.685,0.2989,0
2026-01-15T19:25:00,S1,55.143,0.308,0
2026-01-15T19:26:00,S1,55.267,0.3022,0
2026-01-15T19:27:00,S1,55.346,0.3293,0
2026-01-15T19:28:00,S1,55.796,0.3282,0
2026-01-15T19:29:00,S1,56.027,0.2856,0
2026-01-15T19:30:00,S1,55.088,0.2838,0
2026-01-15T19:31:00,S1,55.74,0.291,0
2026-01-15T19:32:00,S1,55.307,0.331,0
2026-01-15T19:33:00,S1,55.663,0.2889,0
2026-01-15T19:34:00,S1,55.775,0.3583,0
2026-01-15T19:35:00,S1,55.413,0.3451,0
2026-01-15T19:36:00,S1,55.504,0.2327,0
2026-01-15T19:37:00,S1,55.373,0.3227,0
2026-01-15T19:38:00,S1,54.647,0.3612,0
2026-01-15T19:39:00,S1,55.032,0.3194,0
2026-01-15T19:40:00,S1,55.383,0.2585,0
2026-01-15T19:41:00,S1,55.303,0.262,0
2026-01-15T19:42:00,S1,55.431,0.3404,0
2026-01-15T19:43:00,S1,55.587,0.305,0
2026-01-15T19:44:00,S1,55.675,0.2518,0
2026-01-15T19:45:00,S1,54.704,0.3161,0
2026-01-15T19:46:00,S1,56.082,0.2915,0
2026-01-15T19:47:00,S1,55.817,0.2915,0
2026-01-15T19:48:00,S1,55.951,0.2821,0
2026-01-15T19:49:00,S1,55.854,0.2843,0
2026-01-15T19:50:00,S1,55.228,0.3079,0
2026-01-15T19:51:00,S1,55.724,0.3269,0
2026-01-15T19:52:00,S1,55.609,0.2828,0
2026-01-15T19:53:00,S1,55.556,0.2828,0
2026-01-15T19:54:00,S1,55.382,0.2978,0
2026-01-15T19:55:00,S1,55.26,0.3737,0
2026-01-15T19:56:00,S1,55.584,0.3326,0
2026-01-15T19:57:00,S1,56.099,0.2702,0
2026-01-15T19:58:00,S1,55.247,0.3258,0
2026-01-15T19:59:00,S1,55.12,0.2968,0
2026-01-15T20:00:00,S1,55.489,0.3046,0
2026-01-15T20:01:00,S1,55.672,0.324,0
2026-01-15T20:02:00,S1,55.835,0.2927,0
2026-01-15T20:03:00,S1,56.517,0.2857,0
2026-01-15T20:04:00,S1,55.453,0.3335,0
2026-01-15T20:05:00,S1,55.947,0.3099,0
2026-01-15T20:06:00,S1,56.457,0.2747,0
2026-01-15T20:07:00,S1,56.411,0.2638,0
2026-01-15T20:08:00,S1,55.676,0.2707,0
2026-01-15T20:09:00,S1,55.971,0.2626,0
2026-01-15T20:10:00,S1,55.746,0.3097,0
2026-01-15T20:11:00,S1,56.181,0.2802,0
2026-01-15T20:12:00,S1,55.859,0.3433,0
2026-01-15T20:13:00,S1,55.961,0.3287,0
2026-01-15T20:14:00,S1,56.149,0.2628,0
2026-01-15T20:15:00,S1,56.095,0.3214,0
2026-01-15T20:16:00,S1,55.983,0.2774,0
2026-01-15T20:17:00,S1,55.313,0.2828,0
2026-01-15T20:18:00,S1,55.746,0.303,0
2026-01-15T20:19:00,S1,56.374,0.3148,0
2026-01-15T20:20:00,S1,54.126,0.2949,0
2026-01-15T20:21:00,S1,55.879,0.2954,0
2026-01-15T20:22:00,S1,55.109,0.2504,0
2026-01-15T20:23:00,S1,55.848,0.3448,0
2026-01-15T20:24:00,S1,56.113,0.2894,0
2026-01-15T20:25:00,S1,55.1,0.2964,0
2026-01-15T20:26:00,S1,55.73,0.3201,0
2026-01-15T20:27:00,S1,55.262,0.2867,0
2026-01-15T20:28:00,S1,56.657,0.282,0
2026-01-15T20:29:00,S1,55.95,0.3272,0
2026-01-15T20:30:00,S1,56.423,0.3288,0
2026-01-15T20:31:00,S1,56.829,0.2894,0
2026-01-15T20:32:00,S1,55.687,0.2948,0
2026-01-15T20:33:00,S1,56.065,0.3041,0
2026-01-15T20:34:00,S1,56.136,0.2785,0
2026-01-15T20:35:00,S1,55.415,0.3724,0
2026-01-15T20:36:00,S1,55.923,0.3447,0
2026-01-15T20:37:00,S1,56.312,0.2774,0
2026-01-15T20:38:00,S1,55.963,0.2893,0
2026-01-15T20:39:00,S1,56.899,0.2682,0
2026-01-15T20:40:00,S1,56.254,0.3171,0
2026-01-15T20:41:00,S1,55.82,0.2789,0
2026-01-15T20:42:00,S1,56.463,0.3127,0
2026-01-15T20:43:00,S1,55.868,0.3126,0
2026-01-15T20:44:00,S1,56.358,0.2935,0
2026-01-15T20:45:00,S1,56.428,0.3023,0
2026-01-15T20:46:00,S1,55.679,0.2862,0
2026-01-15T20:47:00,S1,56.174,0.2978,0
2026-01-15T20:48:00,S1,56.03,0.2979,0
2026-01-15T20:49:00,S1,56.468,0.3747,0
2026-01-15T20:50:00,S1,56.192,0.2636,0
2026-01-15T20:51:00,S1,55.805,0.3326,0
2026-01-15T20:52:00,S1,56.354,0.2869,0
2026-01-15T20:53:00,S1,56.351,0.3547,0
2026-01-15T20:54:00,S1,55.265,0.2773,0
2026-01-15T20:55:00,S1,56.977,0.2979,0
2026-01-15T20:56:00,S1,56.38,0.3582,0
2026-01-15T20:57:00,S1,57.246,0.2765,0
2026-01-15T20:58:00,S1,57.109,0.2648,0
2026-01-15T20:59:00,S1,55.687,0.3132,0
2026-01-15T21:00:00,S1,55.811,0.3524,0
2026-01-15T21:01:00,S1,56.276,0.2461,0
2026-01-15T21:02:00,S1,56.217,0.269,0
2026-01-15T21:03:00,S1,55.661,0.2745,0
2026-01-15T21:04:00,S1,56.156,0.3123,0
2026-01-15T21:05:00,S1,56.604,0.2879,0
2026-01-15T21:06:00,S1,56.735,0.2688,0
2026-01-15T21:07:00,S1,57.27,0.3225,0
2026-01-15T21:08:00,S1,56.017,0.3423,0
2026-01-15T21:09:00,S1,56.337,0.2478,0
2026-01-15T21:10:00,S1,56.852,0.2567,0
2026-01-15T21:11:00,S1,56.303,0.303,0
2026-01-15T21:12:00,S1,56.899,0.2744,0
2026-01-15T21:13:00,S1,56.353,0.2779,0
2026-01-15T21:14:00,S1,57.571,0.2768,0
2026-01-15T21:15:00,S1,56.774,0.325,0
2026-01-15T21:16:00,S1,57.488,0.2952,0
2026-01-15T21:17:00,S1,56.414,0.2991,0
2026-01-15T21:18:00,S1,56.43,0.3094,0
2026-01-15T21:19:00,S1,57.257,0.2777,0
2026-01-15T21:20:00,S1,56.583,0.3364,0
2026-01-15T21:21:00,S1,58.047,0.2998,0
2026-01-15T21:22:00,S1,56.303,0.2572,0
2026-01-15T21:23:00,S1,56.698,0.3624,0
2026-01-15T21:24:00,S1,56.795,0.3253,0
2026-01-15T21:25:00,S1,57.154,0.3104,0
2026-01-15T21:26:00,S1,56.729,0.2957,0
2026-01-15T21:27:00,S1,56.827,0.2961,0
2026-01-15T21:28:00,S1,57.669,0.2431,0
2026-01-15T21:29:00,S1,57.276,0.3086,0
2026-01-15T21:30:00,S1,56.448,0.3592,0
2026-01-15T21:31:00,S1,56.84,0.2683,0
2026-01-15T21:32:00,S1,57.143,0.3006,0
2026-01-15T21:33:00,S1,56.723,0.2963,0
2026-01-15T21:34:00,S1,56.901,0.2604,0
2026-01-15T21:35:00,S1,56.655,0.3162,0
2026-01-15T21:36:00,S1,56.899,0.3427,0
2026-01-15T21:37:00,S1,57.714,0.3211,0
2026-01-15T21:38:00,S1,57.217,0.3081,0
2026-01-15T21:39:00,S1,57.248,0.2829,0
2026-01-15T21:40:00,S1,56.935,0.3423,0
2026-01-15T21:41:00,S1,57.006,0.3803,0
2026-01-15T21:42:00,S1,56.407,0.3137,0
2026-01-15T21:43:00,S1,56.757,0.255,0
2026-01-15T21:44:00,S1,58.089,0.2833,0
2026-01-15T21:45:00,S1,56.928,0.3149,0
2026-01-15T21:46:00,S1,57.698,0.308,0
2026-01-15T21:47:00,S1,57.723,0.2906,0
2026-01-15T21:48:00,S1,57.112,0.3029,0
2026-01-15T21:49:00,S1,57.334,0.3006,0
2026-01-15T21:50:00,S1,57.173,0.2855,0
2026-01-15T21:51:00,S1,56.879,0.3239,0
2026-01-15T21:52:00,S1,57.654,0.3307,0
2026-01-15T21:53:00,S1,56.387,0.3331,0
2026-01-15T21:54:00,S1,58.088,0.2928,0
2026-01-15T21:55:00,S1,56.86,0.3109,0
2026-01-15T21:56:00,S1,57.377,0.2942,0
2026-01-15T21:57:00,S1,57.24,0.3335,0
2026-01-15T21:58:00,S1,58.228,0.3336,0
2026-01-15T21:59:00,S1,57.535,0.2974,0
2026-01-15T22:00:00,S1,57.777,0.278,0
2026-01-15T22:01:00,S1,57.181,0.3079,0
2026-01-15T22:02:00,S1,57.905,0.2516,0
2026-01-15T22:03:00,S1,57.383,0.289,0
2026-01-15T22:04:00,S1,57.612,0.2874,0
2026-01-15T22:05:00,S1,57.594,0.3624,0
2026-01-15T22:06:00,S1,56.668,0.3232,0
2026-01-15T22:07:00,S1,56.784,0.2724,0
2026-01-15T22:08:00,S1,57.598,0.3228,0
2026-01-15T22:09:00,S1,57.767,0.2738,0
2026-01-15T22:10:00,S1,57.932,0.2423,0
2026-01-15T22:11:00,S1,57.674,0.3495,0
2026-01-15T22:12:00,S1,57.725,0.3024,0
2026-01-15T22:13:00,S1,56.471,0.2906,0
2026-01-15T22:14:00,S1,58.055,0.2944,0
2026-01-15T22:15:00,S1,57.859,0.3229,0
2026-01-15T22:16:00,S1,57.807,0.2568,0
2026-01-15T22:17:00,S1,57.71,0.2898,0
2026-01-15T22:18:00,S1,57.486,0.3257,0
2026-01-15T22:19:00,S1,57.749,0.3281,0
2026-01-15T22:20:00,S1,58.664,0.2939,0
2026-01-15T22:21:00,S1,58.704,0.3041,0
2026-01-15T22:22:00,S1,58.469,0.3036,0
2026-01-15T22:23:00,S1,58.197,0.3458,0
2026-01-15T22:24:00,S1,58.069,0.3195,0
2026-01-15T22:25:00,S1,57.621,0.2512,0
2026-01-15T22:26:00,S1,58.985,0.2588,0
2026-01-15T22:27:00,S1,57.111,0.2311,0
2026-01-15T22:28:00,S1,58.295,0.3572,0
2026-01-15T22:29:00,S1,58.824,0.2637,0
2026-01-15T22:30:00,S1,58.476,0.334,0
2026-01-15T22:31:00,S1,58.42,0.2814,0
2026-01-15T22:32:00,S1,58.629,0.285,0
2026-01-15T22:33:00,S1,57.592,0.3052,0
2026-01-15T22:34:00,S1,57.397,0.2665,0
2026-01-15T22:35:00,S1,58.071,0.3217,0
2026-01-15T22:36:00,S1,57.916,0.2948,0
2026-01-15T22:37:00,S1,58.42,0.3124,0
2026-01-15T22:38:00,S1,57.98,0.2666,0
2026-01-15T22:39:00,S1,57.979,0.2929,0
2026-01-15T22:40:00,S1,58.984,0.2634,0
2026-01-15T22:41:00,S1,58.925,0.2283,0
2026-01-15T22:42:00,S1,58.319,0.2872,0
2026-01-15T22:43:00,S1,57.367,0.2421,0
2026-01-15T22:44:00,S1,58.823,0.2594,0
2026-01-15T22:45:00,S1,59.03,0.2992,0
2026-01-15T22:46:00,S1,57.839,0.355,0
2026-01-15T22:47:00,S1,59.48,0.3025,0
2026-01-15T22:48:00,S1,58.8,0.307,0
2026-01-15T22:49:00,S1,57.478,0.2799,0
2026-01-15T22:50:00,S1,58.52,0.3003,0
2026-01-15T22:51:00,S1,58.302,0.3236,0
2026-01-15T22:52:00,S1,58.623,0.2979,0
2026-01-15T22:53:00,S1,58.428,0.2407,0
2026-01-15T22:54:00,S1,57.782,0.2736,0
2026-01-15T22:55:00,S1,59.005,0.2989,0
2026-01-15T22:56:00,S1,58.859,0.3137,0
2026-01-15T22:57:00,S1,58.693,0.3163,0
2026-01-15T22:58:00,S1,58.506,0.236,0
2026-01-15T22:59:00,S1,58.614,0.2754,0
2026-01-15T23:00:00,S1,58.308,0.3103,0
2026-01-15T23:01:00,S1,57.007,0.2714,0
2026-01-15T23:02:00,S1,58.944,0.2773,0
2026-01-15T23:03:00,S1,59.392,0.3045,0
2026-01-15T23:04:00,S1,58.539,0.3075,0
2026-01-15T23:05:00,S1,58.372,0.2917,0
2026-01-15T23:06:00,S1,58.983,0.2499,0
2026-01-15T23:07:00,S1,58.738,0.2785,0
2026-01-15T23:08:00,S1,58.758,0.3431,0
2026-01-15T23:09:00,S1,58.923,0.271,0
2026-01-15T23:10:00,S1,58.671,0.3326,0
2026-01-15T23:11:00,S1,58.33,0.3281,0
2026-01-15T23:12:00,S1,59.324,0.338,0
2026-01-15T23:13:00,S1,59.496,0.254,0
2026-01-15T23:14:00,S1,59.28,0.3426,0
2026-01-15T23:15:00,S1,58.483,0.3065,0
2026-01-15T23:16:00,S1,58.636,0.31,0
2026-01-15T23:17:00,S1,59.605,0.2937,0
2026-01-15T23:18:00,S1,58.589,0.3207,0
2026-01-15T23:19:00,S1,59.157,0.3246,0
2026-01-15T23:20:00,S1,58.789,0.3162,0
2026-01-15T23:21:00,S1,59.613,0.2585,0
2026-01-15T23:22:00,S1,59.769,0.2975,0
2026-01-15T23:23:00,S1,59.653,0.3441,0
2026-01-15T23:24:00,S1,59.349,0.2623,0
2026-01-15T23:25:00,S1,59.978,0.2914,0
2026-01-15T23:26:00,S1,58.996,0.3074,0
2026-01-15T23:27:00,S1,59.227,0.2738,0
2026-01-15T23:28:00,S1,59.686,0.2794,0
2026-01-15T23:29:00,S1,59.129,0.2747,0
2026-01-15T23:30:00,S1,58.784,0.2819,0
2026-01-15T23:31:00,S1,59.293,0.378,0
2026-01-15T23:32:00,S1,59.934,0.3015,0
2026-01-15T23:33:00,S1,59.007,0.2695,0
2026-01-15T23:34:00,S1,58.891,0.2949,0
2026-01-15T23:35:00,S1,59.601,0.311,0
2026-01-15T23:36:00,S1,59.421,0.2754,0
2026-01-15T23:37:00,S1,59.275,0.306,0
2026-01-15T23:38:00,S1,60.386,0.2836,0
2026-01-15T23:39:00,S1,59.173,0.2881,0
2026-01-15T23:40:00,S1,59.586,0.2889,0
2026-01-15T23:41:00,S1,59.583,0.3138,0
2026-01-15T23:42:00,S1,58.746,0.2673,0
2026-01-15T23:43:00,S1,59.609,0.238,0
2026-01-15T23:44:00,S1,59.932,0.2769,0
2026-01-15T23:45:00,S1,59.121,0.3429,0
2026-01-15T23:46:00,S1,59.357,0.3071,0
2026-01-15T23:47:00,S1,60.035,0.3165,0
2026-01-15T23:48:00,S1,59.417,0.3184,0
2026-01-15T23:49:00,S1,60.099,0.3552,0
2026-01-15T23:50:00,S1,59.531,0.3039,0
2026-01-15T23:51:00,S1,59.884,0.2817,0
2026-01-15T23:52:00,S1,59.787,0.3102,0
2026-01-15T23:53:00,S1,59.901,0.301,0
2026-01-15T23:54:00,S1,60.097,0.3283,0
2026-01-15T23:55:00,S1,59.113,0.29,0
2026-01-15T23:56:00,S1,59.786,0.2585,0
2026-01-15T23:57:00,S1,60.626,0.3373,0
2026-01-15T23:58:00,S1,60.011,0.258,0
2026-01-15T23:59:00,S1,60.371,0.2818,0
