sku,semana,unidades
SKU-000,2024-01-01,132
SKU-000,2024-01-08,147
SKU-000,2024-01-15,147
SKU-000,2024-01-22,139
SKU-000,2024-01-29,147
SKU-000,2024-02-05,150
SKU-000,2024-02-12,147
SKU-000,2024-02-19,157
SKU-000,2024-02-26,155
SKU-000,2024-03-04,161
SKU-000,2024-03-11,162
SKU-000,2024-03-18,154
SKU-000,2024-03-25,161
SKU-000,2024-04-01,167
SKU-000,2024-04-08,157
SKU-000,2024-04-15,168
SKU-000,2024-04-22,161
SKU-000,2024-04-29,166
SKU-000,2024-05-06,161
SKU-000,2024-05-13,159
SKU-000,2024-05-20,154
SKU-000,2024-05-27,152
SKU-000,2024-06-03,161
SKU-000,2024-06-10,158
SKU-000,2024-06-17,157
SKU-000,2024-06-24,160
SKU-000,2024-07-01,151
SKU-000,2024-07-08,150
SKU-000,2024-07-15,148
SKU-000,2024-07-22,144
SKU-000,2024-07-29,159
SKU-000,2024-08-05,145
SKU-000,2024-08-12,148
SKU-000,2024-08-19,143
SKU-000,2024-08-26,144
SKU-000,2024-09-02,152
SKU-000,2024-09-09,136
SKU-000,2024-09-16,144
SKU-000,2024-09-23,141
SKU-000,2024-09-30,147
SKU-000,2024-10-07,143
SKU-000,2024-10-14,150
SKU-000,2024-10-21,146
SKU-000,2024-10-28,149
SKU-000,2024-11-04,151
SKU-000,2024-11-11,157
SKU-000,2024-11-18,154
SKU-000,2024-11-25,160
SKU-000,2024-12-02,152
SKU-000,2024-12-09,155
SKU-000,2024-12-16,168
SKU-000,2024-12-23,160
SKU-000,2024-12-30,169
SKU-000,2025-01-06,163
SKU-000,2025-01-13,175
SKU-000,2025-01-20,169
SKU-000,2025-01-27,171
SKU-000,2025-02-03,175
SKU-000,2025-02-10,172
SKU-000,2025-02-17,174
SKU-000,2025-02-24,191
SKU-000,2025-03-03,173
SKU-000,2025-03-10,183
SKU-000,2025-03-17,186
SKU-000,2025-03-24,180
SKU-000,2025-03-31,185
SKU-000,2025-04-07,188
SKU-000,2025-04-14,194
SKU-000,2025-04-21,184
SKU-000,2025-04-28,188
SKU-000,2025-05-05,178
SKU-000,2025-05-12,194
SKU-000,2025-05-19,186
SKU-000,2025-05-26,184
SKU-000,2025-06-02,187
SKU-000,2025-06-09,187
SKU-000,2025-06-16,171
SKU-000,2025-06-23,185
SKU-000,2025-06-30,181
SKU-000,2025-07-07,176
SKU-000,2025-07-14,183
SKU-000,2025-07-21,170
SKU-000,2025-07-28,180
SKU-000,2025-08-04,181
SKU-000,2025-08-11,166
SKU-000,2025-08-18,177
SKU-000,2025-08-25,172
SKU-000,2025-09-01,174
SKU-000,2025-09-08,174
SKU-000,2025-09-15,175
SKU-000,2025-09-22,172
SKU-000,2025-09-29,176
SKU-000,2025-10-06,167
SKU-000,2025-10-13,176
SKU-000,2025-10-20,161
SKU-000,2025-10-27,173
SKU-000,2025-11-03,163
SKU-000,2025-11-10,175
SKU-000,2025-11-17,181
SKU-000,2025-11-24,177
SKU-000,2025-12-01,190
SKU-000,2025-12-08,175
SKU-000,2025-12-15,184
SKU-000,2025-12-22,190
SKU-001,2024-01-01,151
SKU-001,2024-01-08,154
SKU-001,2024-01-15,160
SKU-001,2024-01-22,161
SKU-001,2024-01-29,158
SKU-001,2024-02-05,172
SKU-001,2024-02-12,172
SKU-001,2024-02-19,167
SKU-001,2024-02-26,179
SKU-001,2024-03-04,178
SKU-001,2024-03-11,185
SKU-001,2024-03-18,185
SKU-001,2024-03-25,179
SKU-001,2024-04-01,183
SKU-001,2024-04-08,186
SKU-001,2024-04-15,186
SKU-001,2024-04-22,180
SKU-001,2024-04-29,182
SKU-001,2024-05-06,183
SKU-001,2024-05-13,180
SKU-001,2024-05-20,186
SKU-001,2024-05-27,165
SKU-001,2024-06-03,170
SKU-001,2024-06-10,170
SKU-001,2024-06-17,177
SKU-001,2024-06-24,165
SKU-001,2024-07-01,170
SKU-001,2024-07-08,165
SKU-001,2024-07-15,159
SKU-001,2024-07-22,159
SKU-001,2024-07-29,151
SKU-001,2024-08-05,145
SKU-001,2024-08-12,151
SKU-001,2024-08-19,157
SKU-001,2024-08-26,155
SKU-001,2024-09-02,144
SKU-001,2024-09-09,147
SKU-001,2024-09-16,150
SKU-001,2024-09-23,152
SKU-001,2024-09-30,158
SKU-001,2024-10-07,146
SKU-001,2024-10-14,145
SKU-001,2024-10-21,152
SKU-001,2024-10-28,159
SKU-001,2024-11-04,152
SKU-001,2024-11-11,158
SKU-001,2024-11-18,163
SKU-001,2024-11-25,172
SKU-001,2024-12-02,164
SKU-001,2024-12-09,170
SKU-001,2024-12-16,174
SKU-001,2024-12-23,171
SKU-001,2024-12-30,173
SKU-001,2025-01-06,185
SKU-001,2025-01-13,182
SKU-001,2025-01-20,196
SKU-001,2025-01-27,191
SKU-001,2025-02-03,194
SKU-001,2025-02-10,194
SKU-001,2025-02-17,196
SKU-001,2025-02-24,197
SKU-001,2025-03-03,194
SKU-001,2025-03-10,193
SKU-001,2025-03-17,200
SKU-001,2025-03-24,208
SKU-001,2025-03-31,204
SKU-001,2025-04-07,206
SKU-001,2025-04-14,207
SKU-001,2025-04-21,207
SKU-001,2025-04-28,196
SKU-001,2025-05-05,192
SKU-001,2025-05-12,194
SKU-001,2025-05-19,192
SKU-001,2025-05-26,198
SKU-001,2025-06-02,187
SKU-001,2025-06-09,203
SKU-001,2025-06-16,184
SKU-001,2025-06-23,184
SKU-001,2025-06-30,185
SKU-001,2025-07-07,180
SKU-001,2025-07-14,180
SKU-001,2025-07-21,176
SKU-001,2025-07-28,181
SKU-001,2025-08-04,175
SKU-001,2025-08-11,176
SKU-001,2025-08-18,175
SKU-001,2025-08-25,170
SKU-001,2025-09-01,177
SKU-001,2025-09-08,176
SKU-001,2025-09-15,165
SKU-001,2025-09-22,174
SKU-001,2025-09-29,170
SKU-001,2025-10-06,166
SKU-001,2025-10-13,171
SKU-001,2025-10-20,169
SKU-001,2025-10-27,161
SKU-001,2025-11-03,168
SKU-001,2025-11-10,175
SKU-001,2025-11-17,185
SKU-001,2025-11-24,174
SKU-001,2025-12-01,178
SKU-001,2025-12-08,189
SKU-001,2025-12-15,192
SKU-001,2025-12-22,192
SKU-002,2024-01-01,120
SKU-002,2024-01-08,137
SKU-002,2024-01-15,124
SKU-002,2024-01-22,131
SKU-002,2024-01-29,135
SKU-002,2024-02-05,134
SKU-002,2024-02-12,135
SKU-002,2024-02-19,149
SKU-002,2024-02-26,134
SKU-002,2024-03-04,141
SKU-002,2024-03-11,132
SKU-002,2024-03-18,138
SKU-002,2024-03-25,137
SKU-002,2024-04-01,137
SKU-002,2024-04-08,136
SKU-002,2024-04-15,130
SKU-002,2024-04-22,144
SKU-002,2024-04-29,135
SKU-002,2024-05-06,134
SKU-002,2024-05-13,134
SKU-002,2024-05-20,128
SKU-002,2024-05-27,131
SKU-002,2024-06-03,131
SKU-002,2024-06-10,130
SKU-002,2024-06-17,123
SKU-002,2024-06-24,124
SKU-002,2024-07-01,124
SKU-002,2024-07-08,127
SKU-002,2024-07-15,121
SKU-002,2024-07-22,122
SKU-002,2024-07-29,118
SKU-002,2024-08-05,113
SKU-002,2024-08-12,113
SKU-002,2024-08-19,125
SKU-002,2024-08-26,125
SKU-002,2024-09-02,111
SKU-002,2024-09-09,116
SKU-002,2024-09-16,112
SKU-002,2024-09-23,106
SKU-002,2024-09-30,114
SKU-002,2024-10-07,116
SKU-002,2024-10-14,115
SKU-002,2024-10-21,119
SKU-002,2024-10-28,123
SKU-002,2024-11-04,109
SKU-002,2024-11-11,116
SKU-002,2024-11-18,121
SKU-002,2024-11-25,119
SKU-002,2024-12-02,120
SKU-002,2024-12-09,122
SKU-002,2024-12-16,122
SKU-002,2024-12-23,128
SKU-002,2024-12-30,132
SKU-002,2025-01-06,123
SKU-002,2025-01-13,129
SKU-002,2025-01-20,133
SKU-002,2025-01-27,122
SKU-002,2025-02-03,131
SKU-002,2025-02-10,131
SKU-002,2025-02-17,135
SKU-002,2025-02-24,129
SKU-002,2025-03-03,131
SKU-002,2025-03-10,136
SKU-002,2025-03-17,122
SKU-002,2025-03-24,135
SKU-002,2025-03-31,135
SKU-002,2025-04-07,135
SKU-002,2025-04-14,129
SKU-002,2025-04-21,130
SKU-002,2025-04-28,134
SKU-002,2025-05-05,128
SKU-002,2025-05-12,129
SKU-002,2025-05-19,132
SKU-002,2025-05-26,124
SKU-002,2025-06-02,125
SKU-002,2025-06-09,121
SKU-002,2025-06-16,121
SKU-002,2025-06-23,124
SKU-002,2025-06-30,125
SKU-002,2025-07-07,115
SKU-002,2025-07-14,117
SKU-002,2025-07-21,107
SKU-002,2025-07-28,114
SKU-002,2025-08-04,116
SKU-002,2025-08-11,110
SKU-002,2025-08-18,120
SKU-002,2025-08-25,100
SKU-002,2025-09-01,107
SKU-002,2025-09-08,111
SKU-002,2025-09-15,117
SKU-002,2025-09-22,110
SKU-002,2025-09-29,109
SKU-002,2025-10-06,115
SKU-002,2025-10-13,110
SKU-002,2025-10-20,107
SKU-002,2025-10-27,125
SKU-002,2025-11-03,120
SKU-002,2025-11-10,108
SKU-002,2025-11-17,109
SKU-002,2025-11-24,109
SKU-002,2025-12-01,111
SKU-002,2025-12-08,115
SKU-002,2025-12-15,114
SKU-002,2025-12-22,117
SKU-003,2024-01-01,95
SKU-003,2024-01-08,88
SKU-003,2024-01-15,97
SKU-003,2024-01-22,98
SKU-003,2024-01-29,104
SKU-003,2024-02-05,103
SKU-003,2024-02-12,108
SKU-003,2024-02-19,110
SKU-003,2024-02-26,103
SKU-003,2024-03-04,98
SKU-003,2024-03-11,112
SKU-003,2024-03-18,110
SKU-003,2024-03-25,103
SKU-003,2024-04-01,111
SKU-003,2024-04-08,108
SKU-003,2024-04-15,106
SKU-003,2024-04-22,108
SKU-003,2024-04-29,105
SKU-003,2024-05-06,99
SKU-003,2024-05-13,112
SKU-003,2024-05-20,106
SKU-003,2024-05-27,96
SKU-003,2024-06-03,103
SKU-003,2024-06-10,93
SKU-003,2024-06-17,93
SKU-003,2024-06-24,87
SKU-003,2024-07-01,97
SKU-003,2024-07-08,101
SKU-003,2024-07-15,100
SKU-003,2024-07-22,89
SKU-003,2024-07-29,98
SKU-003,2024-08-05,75
SKU-003,2024-08-12,84
SKU-003,2024-08-19,75
SKU-003,2024-08-26,76
SKU-003,2024-09-02,87
SKU-003,2024-09-09,83
SKU-003,2024-09-16,78
SKU-003,2024-09-23,80
SKU-003,2024-09-30,83
SKU-003,2024-10-07,82
SKU-003,2024-10-14,83
SKU-003,2024-10-21,82
SKU-003,2024-10-28,80
SKU-003,2024-11-04,85
SKU-003,2024-11-11,88
SKU-003,2024-11-18,96
SKU-003,2024-11-25,86
SKU-003,2024-12-02,86
SKU-003,2024-12-09,82
SKU-003,2024-12-16,87
SKU-003,2024-12-23,92
SKU-003,2024-12-30,80
SKU-003,2025-01-06,91
SKU-003,2025-01-13,109
SKU-003,2025-01-20,99
SKU-003,2025-01-27,106
SKU-003,2025-02-03,98
SKU-003,2025-02-10,97
SKU-003,2025-02-17,100
SKU-003,2025-02-24,99
SKU-003,2025-03-03,112
SKU-003,2025-03-10,97
SKU-003,2025-03-17,100
SKU-003,2025-03-24,98
SKU-003,2025-03-31,100
SKU-003,2025-04-07,98
SKU-003,2025-04-14,112
SKU-003,2025-04-21,107
SKU-003,2025-04-28,106
SKU-003,2025-05-05,101
SKU-003,2025-05-12,104
SKU-003,2025-05-19,98
SKU-003,2025-05-26,103
SKU-003,2025-06-02,93
SKU-003,2025-06-09,96
SKU-003,2025-06-16,94
SKU-003,2025-06-23,85
SKU-003,2025-06-30,87
SKU-003,2025-07-07,90
SKU-003,2025-07-14,83
SKU-003,2025-07-21,72
SKU-003,2025-07-28,81
SKU-003,2025-08-04,79
SKU-003,2025-08-11,78
SKU-003,2025-08-18,82
SKU-003,2025-08-25,68
SKU-003,2025-09-01,76
SKU-003,2025-09-08,84
SKU-003,2025-09-15,69
SKU-003,2025-09-22,77
SKU-003,2025-09-29,82
SKU-003,2025-10-06,73
SKU-003,2025-10-13,69
SKU-003,2025-10-20,85
SKU-003,2025-10-27,81
SKU-003,2025-11-03,76
SKU-003,2025-11-10,85
SKU-003,2025-11-17,71
SKU-003,2025-11-24,83
SKU-003,2025-12-01,79
SKU-003,2025-12-08,84
SKU-003,2025-12-15,84
SKU-003,2025-12-22,82
SKU-004,2024-01-01,144
SKU-004,2024-01-08,150
SKU-004,2024-01-15,143
SKU-004,2024-01-22,161
SKU-004,2024-01-29,160
SKU-004,2024-02-05,157
SKU-004,2024-02-12,163
SKU-004,2024-02-19,167
SKU-004,2024-02-26,165
SKU-004,2024-03-04,156
SKU-004,2024-03-11,168
SKU-004,2024-03-18,174
SKU-004,2024-03-25,171
SKU-004,2024-04-01,167
SKU-004,2024-04-08,171
SKU-004,2024-04-15,166
SKU-004,2024-04-22,165
SKU-004,2024-04-29,165
SKU-004,2024-05-06,162
SKU-004,2024-05-13,158
SKU-004,2024-05-20,170
SKU-004,2024-05-27,149
SKU-004,2024-06-03,166
SKU-004,2024-06-10,164
SKU-004,2024-06-17,156
SKU-004,2024-06-24,147
SKU-004,2024-07-01,146
SKU-004,2024-07-08,154
SKU-004,2024-07-15,156
SKU-004,2024-07-22,147
SKU-004,2024-07-29,134
SKU-004,2024-08-05,135
SKU-004,2024-08-12,153
SKU-004,2024-08-19,144
SKU-004,2024-08-26,134
SKU-004,2024-09-02,134
SKU-004,2024-09-09,136
SKU-004,2024-09-16,148
SKU-004,2024-09-23,137
SKU-004,2024-09-30,136
SKU-004,2024-10-07,140
SKU-004,2024-10-14,132
SKU-004,2024-10-21,139
SKU-004,2024-10-28,130
SKU-004,2024-11-04,138
SKU-004,2024-11-11,135
SKU-004,2024-11-18,131
SKU-004,2024-11-25,149
SKU-004,2024-12-02,141
SKU-004,2024-12-09,147
SKU-004,2024-12-16,149
SKU-004,2024-12-23,145
SKU-004,2024-12-30,160
SKU-004,2025-01-06,159
SKU-004,2025-01-13,161
SKU-004,2025-01-20,170
SKU-004,2025-01-27,166
SKU-004,2025-02-03,169
SKU-004,2025-02-10,164
SKU-004,2025-02-17,170
SKU-004,2025-02-24,172
SKU-004,2025-03-03,176
SKU-004,2025-03-10,174
SKU-004,2025-03-17,167
SKU-004,2025-03-24,171
SKU-004,2025-03-31,176
SKU-004,2025-04-07,175
SKU-004,2025-04-14,171
SKU-004,2025-04-21,160
SKU-004,2025-04-28,164
SKU-004,2025-05-05,170
SKU-004,2025-05-12,171
SKU-004,2025-05-19,153
SKU-004,2025-05-26,172
SKU-004,2025-06-02,163
SKU-004,2025-06-09,152
SKU-004,2025-06-16,165
SKU-004,2025-06-23,164
SKU-004,2025-06-30,154
SKU-004,2025-07-07,149
SKU-004,2025-07-14,138
SKU-004,2025-07-21,148
SKU-004,2025-07-28,146
SKU-004,2025-08-04,137
SKU-004,2025-08-11,138
SKU-004,2025-08-18,135
SKU-004,2025-08-25,140
SKU-004,2025-09-01,143
SKU-004,2025-09-08,138
SKU-004,2025-09-15,137
SKU-004,2025-09-22,135
SKU-004,2025-09-29,140
SKU-004,2025-10-06,139
SKU-004,2025-10-13,139
SKU-004,2025-10-20,139
SKU-004,2025-10-27,137
SKU-004,2025-11-03,151
SKU-004,2025-11-10,147
SKU-004,2025-11-17,139
SKU-004,2025-11-24,146
SKU-004,2025-12-01,143
SKU-004,2025-12-08,151
SKU-004,2025-12-15,155
SKU-004,2025-12-22,160
