file_name,inicio_s,fin_s,etiqueta
rodamiento/clip_001.wav,0.0,1.0,rodamiento
desbalance/clip_002.wav,0.0,1.0,desbalance
cavitacion/clip_003.wav,0.0,1.0,cavitacion
rodamiento/clip_005.wav,0.0,1.0,rodamiento
desbalance/clip_006.wav,0.0,1.0,desbalance
cavitacion/clip_007.wav,0.0,1.0,cavitacion
rodamiento/clip_009.wav,0.0,1.0,rodamiento
desbalance/clip_010.wav,0.0,1.0,desbalance
cavitacion/clip_011.wav,0.0,1.0,cavitacion
rodamiento/clip_013.wav,0.0,1.0,rodamiento
desbalance/clip_014.wav,0.0,1.0,desbalance
cavitacion/clip_015.wav,0.0,1.0,cavitacion
rodamiento/clip_017.wav,0.0,1.0,rodamiento
desbalance/clip_018.wav,0.0,1.0,desbalance
cavitacion/clip_019.wav,0.0,1.0,cavitacion
rodamiento/clip_021.wav,0.0,1.0,rodamiento
desbalance/clip_022.wav,0.0,1.0,desbalance
cavitacion/clip_023.wav,0.0,1.0,cavitacion
rodamiento/clip_025.wav,0.0,1.0,rodamiento
desbalance/clip_026.wav,0.0,1.0,desbalance
cavitacion/clip_027.wav,0.0,1.0,cavitacion
rodamiento/clip_029.wav,0.0,1.0,rodamiento
desbalance/clip_030.wav,0.0,1.0,desbalance
cavitacion/clip_031.wav,0.0,1.0,cavitacion
rodamiento/clip_033.wav,0.0,1.0,rodamiento
desbalance/clip_034.wav,0.0,1.0,desbalance
cavitacion/clip_035.wav,0.0,1.0,cavitacion
rodamiento/clip_037.wav,0.0,1.0,rodamiento
desbalance/clip_038.wav,0.0,1.0,desbalance
cavitacion/clip_039.wav,0.0,1.0,cavitacion
