file_name,texto
remito_000.png,3178-51169296
remito_001.png,7174-34232690
remito_002.png,7100-34393321
remito_003.png,0910-23138381
remito_004.png,7531-11183511
remito_005.png,3912-66563209
remito_006.png,2006-17379659
remito_007.png,4871-98785517
remito_008.png,3095-87411232
remito_009.png,2256-33255606
remito_010.png,4580-04292596
remito_011.png,3794-53566252
remito_012.png,6198-94749283
remito_013.png,7037-30618020
remito_014.png,2638-21505946
remito_015.png,5967-43682320
remito_016.png,2796-95632817
remito_017.png,1637-74927513
remito_018.png,9379-89179045
remito_019.png,8742-98718237
remito_020.png,9919-14204094
remito_021.png,1899-14435644
remito_022.png,9998-81318029
remito_023.png,0367-12027998
remito_024.png,2782-21153078
remito_025.png,1946-70374106
remito_026.png,6793-44851670
remito_027.png,6385-90497574
remito_028.png,8445-20476401
remito_029.png,4238-95751445
remito_030.png,6917-99606928
remito_031.png,1164-80625157
remito_032.png,6926-04564977
remito_033.png,7561-37168292
remito_034.png,7123-94199954
remito_035.png,1290-43382954
remito_036.png,9416-40171028
remito_037.png,5901-35082981
remito_038.png,6934-80136102
remito_039.png,5965-92774003
remito_040.png,4059-02399577
remito_041.png,2308-25010216
remito_042.png,1150-66720816
remito_043.png,1396-49359817
remito_044.png,2464-07467515
remito_045.png,0277-93679507
remito_046.png,1579-93060719
remito_047.png,6825-33730850
remito_048.png,8686-31846820
remito_049.png,8961-76392711
remito_050.png,8098-49356220
remito_051.png,8862-64563049
remito_052.png,9423-61114308
remito_053.png,6370-10553760
remito_054.png,0755-32154207
remito_055.png,2792-72323044
remito_056.png,4623-07633343
remito_057.png,5022-29494022
remito_058.png,5878-27891548
remito_059.png,9846-46037236
remito_060.png,1587-40258979
remito_061.png,0441-05332379
remito_062.png,9012-20481535
remito_063.png,2139-75691134
remito_064.png,5090-16558068
remito_065.png,7365-47337269
remito_066.png,8652-58590358
remito_067.png,1917-30372069
remito_068.png,3807-97409785
remito_069.png,9681-64992248
remito_070.png,3310-15853534
remito_071.png,4565-32998233
remito_072.png,1988-63216375
remito_073.png,0583-13108213
remito_074.png,7242-51162875
remito_075.png,1560-25965386
remito_076.png,4008-26346270
remito_077.png,7618-40193974
remito_078.png,6902-37077952
remito_079.png,1574-81765197
remito_080.png,2425-19547101
remito_081.png,1160-88242362
remito_082.png,7556-11828048
remito_083.png,3521-56948519
remito_084.png,9340-90104886
remito_085.png,2723-63866210
remito_086.png,7199-88455116
remito_087.png,2614-03971281
remito_088.png,2040-79175315
remito_089.png,7006-33448812
remito_090.png,1759-54365398
remito_091.png,8772-60802939
remito_092.png,6793-85559578
remito_093.png,1396-72522578
remito_094.png,9056-45308660
remito_095.png,9720-33180976
remito_096.png,5630-71011571
remito_097.png,9698-14058730
remito_098.png,1081-72267818
remito_099.png,0781-73659822
remito_100.png,2834-76841460
remito_101.png,6082-35958144
remito_102.png,9081-43476038
remito_103.png,9732-54143218
remito_104.png,5683-21935128
remito_105.png,1551-23047968
remito_106.png,1686-81368419
remito_107.png,4462-88351754
remito_108.png,6243-68941432
remito_109.png,7101-56303063
remito_110.png,8249-74651690
remito_111.png,6813-49531097
remito_112.png,5950-16722322
remito_113.png,9538-63869666
remito_114.png,5143-28353592
remito_115.png,4430-70727940
remito_116.png,7465-38137643
remito_117.png,4768-18949912
remito_118.png,4385-87022891
remito_119.png,5387-29008284
remito_120.png,6480-52550174
remito_121.png,6260-53356688
remito_122.png,0728-22510648
remito_123.png,7736-41052644
remito_124.png,1373-26461621
remito_125.png,1650-59353840
remito_126.png,4312-10251184
remito_127.png,7648-85150128
remito_128.png,7436-14854192
remito_129.png,8303-65758781
remito_130.png,7163-28958227
remito_131.png,2120-78556478
remito_132.png,5128-55135298
remito_133.png,0219-24227977
remito_134.png,6364-06478062
remito_135.png,7665-11323708
remito_136.png,2200-36517242
remito_137.png,8746-12799036
remito_138.png,9447-91213294
remito_139.png,3710-80352495
remito_140.png,9591-86168887
remito_141.png,9189-43574080
remito_142.png,7513-25863567
remito_143.png,4818-42956058
remito_144.png,2099-03119235
remito_145.png,5967-58943775
remito_146.png,0489-92387190
remito_147.png,4473-30969576
remito_148.png,5864-67049428
remito_149.png,3572-16331500
remito_150.png,4477-88875764
remito_151.png,1459-40732963
remito_152.png,7324-09930225
remito_153.png,0131-85167739
remito_154.png,8683-98552412
remito_155.png,7953-65163458
remito_156.png,6519-04957359
remito_157.png,7592-42251444
remito_158.png,3230-40843618
remito_159.png,7484-52547615
remito_160.png,5657-18133107
remito_161.png,9883-62917876
remito_162.png,8694-98627188
remito_163.png,1418-25079222
remito_164.png,5693-14731494
remito_165.png,3997-57971701
remito_166.png,4568-89240827
remito_167.png,0688-42568702
remito_168.png,8218-62767602
remito_169.png,3394-20165124
remito_170.png,0817-76792879
remito_171.png,7416-93751132
remito_172.png,2595-94522305
remito_173.png,0891-72267013
remito_174.png,7064-12408160
remito_175.png,1541-58564847
remito_176.png,4157-33253183
remito_177.png,2144-07991879
remito_178.png,3558-54893413
remito_179.png,2111-08284418
remito_180.png,0196-22375656
remito_181.png,5593-29479638
remito_182.png,7576-49202122
remito_183.png,7963-20229006
remito_184.png,9829-45175364
remito_185.png,9021-26736879
remito_186.png,2179-20156487
remito_187.png,2242-97651173
remito_188.png,6315-92213704
remito_189.png,9518-97063776
remito_190.png,5144-66840512
remito_191.png,9624-88556716
remito_192.png,2568-85519363
remito_193.png,6614-81238777
remito_194.png,0307-16601428
remito_195.png,5215-72274021
remito_196.png,7341-85545272
remito_197.png,1262-58217361
remito_198.png,7838-27977122
remito_199.png,1734-30503760
